# Extra Project Gutenberg books (English, randomly sampled) fetched by scripts/fetch-gutenberg.sh into corpus-gutenberg/.
# Columns: Gutenberg id, GITenberg repository name. Excludes the benchmark hold-out books (1342, 2701, 84) and every edition of them.
41	The-Legend-of-Sleepy-Hollow_41
43	The-Strange-Case-of-Dr.-Jekyll-and-Mr.-Hyde_43
57	Aladdin-and-the-Magic-Lamp_57
58	Paradise-Regained_58
59	Discourse-on-the-Method-of-Rightly-Conducting-One-s-Reason-and-of-Seeking-Truth-in-the-Sciences_59
60	The-Scarlet-Pimpernel_60
73	The-Red-Badge-of-Courage_73
75	E-mail-101_75
77	The-House-of-the-Seven-Gables_77
81	The-Return-of-Tarzan_81
86	A-Connecticut-Yankee-in-King-Arthur-s-Court_86
136	A-Child-s-Garden-of-Verses_136
137	Sara-Crewe--Or-What-Happened-at-Miss-Minchin-s-Boarding-School_137
138	George-Sand--Some-Aspects-of-Her-Life-and-Writings_138
139	The-Lost-World_139
140	The-Jungle_140
141	Mansfield-Park_141
151	The-Rime-of-the-Ancient-Mariner_151
152	Wild-Justice_152
153	Jude-the-Obscure_153
154	The-Rise-of-Silas-Lapham_154
155	The-Moonstone_155
156	Symphony-No.-5-in-C-minor-Opus-67_156
220	The-Secret-Sharer_220
221	The-Return-of-Sherlock-Holmes_221
222	The-Moon-and-Sixpence_222
223	The-Wisdom-of-Father-Brown_223
234	Child-Christopher-and-Goldilind-the-Fair_234
235	William-Gibson-Interviewed_235
238	Dear-Enemy_238
290	The-Stark-Munro-Letters--13-Being-series-of-twelve-letters-written-by-J.-Stark-Munro-M.B.-to-hi__290
296	The-Cash-Boy_296
299	Tales-from-Two-Hemispheres_299
300	United-States-Declaration-of-Independence_300
301	The-Ballad-of-Reading-Gaol_301
302	The-Fibonacci-Number-Series_302
303	HomeBrew-HomePages-Put-YOU-on-the-World-Wide-Web_303
308	Three-Men-in-a-Boat_308
314	Guide-to-Life-and-Literature-of-the-Southwest-with-a-Few-Observations_314
315	Rhymes-of-a-Red-Cross-Man_315
375	An-Occurrence-at-Owl-Creek-Bridge_375
381	Memories-and-Portraits_381
402	Penrod_402
407	The-Reporter-Who-Made-Himself-King_407
408	The-Souls-of-Black-Folk_408
414	The-Pageant-of-Summer_414
463	The-Red-Badge-of-Courage--An-Episode-of-the-American-Civil-War_463
468	Manon-Lescaut_468
470	Heretics_470
474	How-to-Tell-Stories-to-Children-and-Some-Stories-to-Tell_474
480	-Undo---A-Novel_480
489	One-Basket_489
495	Amy-Foster_495
501	The-Story-of-Doctor-Dolittle_501
521	The-Life-and-Adventures-of-Robinson-Crusoe_521
534	An-Inland-Voyage_534
535	Travels-with-a-Donkey-in-the-Cevennes_535
541	The-Age-of-Innocence_541
547	Baron-Trigault-s-Vengeance_547
548	Project-Trinity-1945-1946_548
562	The-Go-Ahead-Boys-and-the-Racing-Motor-Boat_562
570	The-Moravians-in-Georgia-1735-1740_570
575	The-Essays-or-Counsels-Civil-and-Moral_575
582	A-Collection-of-Beatrix-Potter-Stories_582
588	Master-Humphrey-s-Clock_588
784	Boyhood-in-Norway--Stories-of-Boy-Life-in-the-Land-of-the-Midnight-Sun_784
790	Lady-Windermere-s-Fan_790
836	The-Phoenix-and-the-Carpet_836
842	Memoirs-of-Carwin-the-Biloquist--A-Fragment-_842
849	The-Idle-Thoughts-of-an-Idle-Fellow_849
891	History-of-the-Decline-and-Fall-of-the-Roman-Empire-Volume-2_891
897	The-Rose-and-the-Ring_897
904	Her-Father-s-Daughter_904
910	White-Fang_910
916	Sketches-of-Young-Couples_916
923	A-Sketch-of-the-Life-of-Brig.-Gen.-Francis-Marion-and-a-History-of-His-Brigade_923
938	Good-Indian_938
940	The-Last-of-the-Mohicans--A-narrative-of-1757_940
942	Green-Mansions--A-Romance-of-the-Tropical-Forest_942
966	Maid-Marian_966
967	Nicholas-Nickleby_967
972	The-Devil-s-Dictionary_972
973	Howard-Pyle-s-Book-of-Pirates--13-Fiction-Fact--amp--Fancy-Concerning-the-Buccaneers--amp--Maro__973
978	The-Yates-Pride--A-Romance_978
979	Heroes-of-the-Telegraph_979
984	Who-Was-Who--5000-B.-C.-to-Date--13-Biographical-Dictionary-of-the-Famous-and-Those-Who-Wanted-__984
985	Father-Sergius_985
990	Theologico-Political-Treatise-Part-2_990
991	Theologico-Political-Treatise-Part-3_991
996	Don-Quixote_996
1014	The-Lure-of-the-Dim-Trails_1014
1021	The-Congo-and-Other-Poems_1021
1027	The-Lone-Star-Ranger--A-Romance-of-the-Border_1027
1033	Rose-O-the-River_1033
1039	Missionary-Travels-and-Researches-in-South-Africa_1039
1045	Venus-and-Adonis_1045
1051	Sartor-Resartus--the-life-and-opinions-of-Herr-Teufelsdr-ckh_1051
1057	Poems-with-The-Ballad-of-Reading-Gaol_1057
1063	The-Cask-of-Amontillado_1063
1069	Four-Short-Stories-By-Emile-Zola_1069
1077	The-Mirror-of-Kong-Ho_1077
1079	The-Life-and-Opinions-of-Tristram-Shandy-Gentleman_1079
1086	A-Horse-s-Tale_1086
1092	The-Description-of-Wales_1092
1098	The-Turmoil--A-Novel_1098
1141	Selected-Poems-of-Oscar-Wilde_1141
1147	A-Journey-from-This-World-to-the-Next_1147
1149	From-London-to-Land-s-End--13-and-Two-Letters-from-the--Journey-through-England-by-a-Gentleman__1149
1156	Babbitt_1156
1163	Adventure_1163
1170	Anabasis_1170
1240	The-Playboy-of-the-Western-World--A-Comedy-in-Three-Acts_1240
1247	Second-April_1247
1335	The-Ancien-R-gime_1335
1341	The-Altruist-in-Politics_1341
1348	A-Master-s-Degree_1348
1354	Chronicles-of-Avonlea_1354
1360	Historical-Lectures-and-Essays_1360
1389	Gobseck_1389
1390	The-Jimmyjohn-Boss-and-Other-Stories_1390
1391	Penelope-s-Irish-Experiences_1391
1392	The-Seven-Poor-Travellers_1392
1395	Letters-on-Literature_1395
1402	Where-the-Blue-Begins_1402
1414	Somebody-s-Luggage_1414
1420	London-s-Underworld_1420
1426	The-Recruit_1426
1432	Seraphita_1432
1438	No-Name_1438
1442	The-Kingdom-of-the-Blind_1442
1443	Two-Poets_1443
1444	The-Voice-of-the-City--Further-Stories-of-the-Four-Million_1444
1450	Pollyanna_1450
1454	Maitre-Cornelius_1454
1455	The-Hated-Son_1455
1456	An-Episode-under-the-Terror_1456
1457	Mistress-Wilding_1457
1468	The-History-of-England-from-the-Accession-of-James-II---Volume-1_1468
1469	Poems_1469
1471	New-Poems_1471
1475	Gaudissart-II_1475
1481	A-Daughter-of-Eve_1481
1487	The-Perfect-Wagnerite--A-Commentary-on-the-Niblung-s-Ring_1487
1493	The-Legends-of-the-Jews-Volume-1_1493
1554	Adieu_1554
1560	The-San-Francisco-Calamity-by-Earthquake-and-Fire_1560
1566	The-Evolution-of-Modern-Medicine--13-A-Series-of-Lectures-Delivered-at-Yale-University-on-the-__1566
1572	Timaeus_1572
1819	The-Messengers_1819
1825	The-Adventures-of-Reddy-Fox_1825
1837	The-Prince-and-the-Pauper_1837
1843	Vera-the-Medium_1843
1849	The-Yellow-Crayon_1849
1855	Ban-and-Arriere-Ban-A-Rally-of-Fugitive-Rhymes_1855
1861	An-Old-Town-By-the-Sea_1861
1867	The-Diary-of-a-Goose-Girl_1867
1870	Reginald-in-Russia-and-Other-Sketches_1870
1873	Gambara_1873
1879	Royalty-Restored--Or-London-Under-Charles-II_1879
1885	Bunyan-Characters--1st-Series-_1885
1891	A-Plea-for-Old-Cap-Collier_1891
1897	The-Seventh-Man_1897
1909	Darwin-and-Modern-Science_1909
1916	The-Great-Stone-Face-and-Other-Tales-of-the-White-Mountains_1916
1922	Deirdre-of-the-Sorrows_1922
1934	Songs-of-Innocence-and-Songs-of-Experience_1934
1940	Christ-in-Flanders_1940
1946	On-War---Volume-1_1946
1953	A-Book-of-Strife-in-the-Form-of-The-Diary-of-an-Old-Soul_1953
1959	The-Crown-of-Thorns--A-Token-for-the-Sorrowing_1959
1966	The-Path-of-the-King_1966
1972	History-of-the-Britons--Historia-Brittonum-_1972
1978	Buttercup-Gold-and-Other-Stories_1978
1985	Men-s-Wives_1985
1991	Old-Friends--Essays-in-Epistolary-Parody_1991
2004	Pigs-is-Pigs_2004
2038	The-Lock-and-Key-Library--Classic-Mystery-and-Detective-Stories--Modern-English_2038
2045	My-Memories-of-Eighty-Years_2045
2052	Everybody-s-Business-Is-Nobody-s-Business--13-Or-Private-Abuses-Public-Grievances--Exemplified__2052
2059	The-Little-Shepherd-of-Kingdom-Come_2059
2066	Wildfire_2066
2073	The-Valet-s-Tragedy-and-Other-Studies_2073
2080	The-Flower-of-the-Mind_2080
2087	Life-and-Letters-of-Charles-Darwin---Volume-1_2087
2095	Clotelle--A-Tale-of-the-Southern-States_2095
2102	History-of-Friedrich-II-of-Prussia---Volume-02_2102
2109	History-of-Friedrich-II-of-Prussia---Volume-09_2109
2116	History-of-Friedrich-II-of-Prussia---Volume-16_2116
2123	The-Crime-of-Sylvestre-Bonnard_2123
2130	Utopia_2130
2137	Rosamund-Queen-of-the-Lombards-A-Tragedy_2137
2154	Around-the-World-in-Eighty-Days.-Junior-Deluxe-Edition_2154
2161	The-Song-Book-of-Quong-Lee-of-Limehouse_2161
2168	Miscellaneous-Writings-and-Speeches---Volume-2_2168
2175	You-Never-Can-Tell_2175
2182	The-Marble-Faun--Or-The-Romance-of-Monte-Beni---Volume-2_2182
2197	The-Gambler_2197
2271	He-Fell-in-Love-with-His-Wife_2271
2274	How-to-Live-on-24-Hours-a-Day_2274
2278	Condensed-Novels--New-Burlesques_2278
2280	A-Millionaire-of-Rough-and-Ready_2280
2285	Ridgway-of-Montana--Story-of-To-Day-in-Which-the-Hero-Is-Also-the-Villain-_2285
2286	Devil-s-Ford_2286
2292	Yet-Again_2292
2298	Great-Astronomers_2298
2299	Pandora_2299
2304	Legends-and-Lyrics.-Part-2_2304
2306	Uncle-Remus-His-Songs-and-His-Sayings_2306
2310	In-the-Carquinez-Woods_2310
2328	The-Lake-Gun_2328
2334	The-Works-of-Rudyard-Kipling--One-Volume-Edition_2334
2346	The-Adventure-of-the-Bruce-Partington-Plans_2346
2352	Eurasia_2352
2358	The-After-House_2358
2370	Sir-Gibbie_2370
2376	Up-from-Slavery--An-Autobiography_2376
2382	Memoir-of-the-Proposed-Territory-of-Arizona_2382
2388	The-Song-Celestial--Or-Bhagavad-G-t---from-the-Mah-bh-rata---13-Being-a-discourse-between-Arju__2388
2400	Vikram-and-the-Vampire--Classic-Hindu-Tales-of-Adventure-Magic-and-Romance_2400
2412	The-Categories_2412
2418	Oldport-Days_2418
2425	A-Bundle-of-Letters_2425
2431	Is-Shakespeare-Dead---13-From-My-Autobiography_2431
2433	Donal-Grant_2433
2437	They-and-I_2437
2443	The-Story-of-the-Mormons-from-the-Date-of-Their-Origin-to-the-Year-1901_2443
2449	The-Common-Law_2449
2461	The-Lady-of-Lyons--Or-Love-and-Pride_2461
2619	The-Home-Book-of-Verse---Volume-1_2619
2630	The-Interpreters-of-Genesis-and-the-Interpreters-of-Nature--13-Essay--4-from--Science-and-Hebr__2630
2637	Youth_2637
2644	Isaac-Bickerstaff-Physician-and-Astrologer_2644
2651	Personal-Memoirs-of-P.-H.-Sheridan-General-United-States-Army---Volume-1_2651
2658	The-Papers-And-Writings-Of-Abraham-Lincoln---Volume-6--1862-1863_2658
2665	The-Professor-at-the-Breakfast-Table_2665
2686	The-Book-of-Snobs_2686
2693	Greyfriars-Bobby_2693
2700	Medical-Essays-1842-1882_2700
2708	Colomba_2708
2715	The-Real-Thing-and-Other-Tales_2715
2716	Sir-Dominick-Ferrand_2716
2723	A-First-Family-of-Tasajara_2723
2729	A-Tale-of-Three-Lions_2729
2730	Long-Odds_2730
2736	The-Champdoce-Mystery_2736
2739	More-Letters-of-Charles-Darwin---Volume-1--13-A-Record-of-His-Work-in-a-Series-of-Hitherto-Unp__2739
2743	Massacres-of-the-South--1551-1815---13-Celebrated-Crimes_2743
2744	Mary-Stuart--13-Celebrated-Crimes_2744
2746	Urbain-Grandier--13-Celebrated-Crimes_2746
2749	La-Constantin--13-Celebrated-Crimes_2749
2753	Ali-Pacha--13-Celebrated-Crimes_2753
2755	Murat--13-Celebrated-Crimes_2755
2760	Celebrated-Crimes--Complete-_2760
2761	Benita-an-African-romance_2761
2767	The-Devil-s-Paw_2767
2773	Fraternity_2773
2774	The-Patrician_2774
2781	Just-So-Stories_2781
2785	The-Elusive-Pimpernel_2785
2788	Little-Men_2788
2791	Essays-and-Tales_2791
2795	Bob-Son-of-Battle_2795
2797	The-Wolves-and-the-Lamb_2797
2802	Ramona_2802
2815	Democracy-an-American-novel_2815
2816	The-City-of-the-Sun_2816
2821	The-Story-of-the-Gadsbys_2821
2823	The-Fitz-Boodle-Papers_2823
2827	Aslauga-s-Knight_2827
2830	Reginald_2830
2833	The-Portrait-of-a-Lady---Volume-1_2833
2844	The-Fatal-Boots_2844
2845	Sir-Nigel_2845
2851	Sixes-and-Sevens_2851
2856	Moon-of-Israel--A-Tale-of-the-Exodus_2856
2857	A-Yellow-God--An-Idol-of-Africa_2857
2858	Cressy_2858
2859	A-Little-Dinner-at-Timmins-s_2859
2860	Framley-Parsonage_2860
2861	The-Sleuth-of-St.-James-s-Square_2861
2863	Satires-of-Circumstance-Lyrics-and-Reveries-with-Miscellaneous-Pieces_2863
2865	Otto-of-the-Silver-Hand_2865
2870	Washington-Square_2870
2873	The-Prehistoric-World--Or-Vanished-races_2873
2876	The-Light-That-Failed_2876
2884	The-Mason-Bees_2884
2902	Studies-and-Essays--Concerning-Letters_2902
2908	Strife--A-Drama-in-Three-Acts_2908
2910	The-Little-Dream--An-Allegory-in-Six-Scenes_2910
2911	Justice_2911
2912	The-Fugitive--A-Play-in-Four-Acts_2912
2913	The-Pigeon--A-Fantasy-in-Three-Acts_2913
2914	The-Mob--A-Play-in-Four-Acts_2914
2915	A-Bit-O-Love_2915
2916	The-Foundations--An-Extravagant-Play-_2916
2917	The-Skin-Game--A-Tragi-Comedy-_2917
2918	The-First-and-the-Last--A-Drama-in-Three-Scenes_2918
2919	The-Little-Man--A-Farcical-Morality-in-Three-Scenes_2919
2920	Four-Short-Plays_2920
2921	The-Present-Condition-of-Organic-Nature--13-Lecture-I.--of-VI.---Lectures-to-Working-Men--at-t__2921
2922	The-Past-Condition-of-Organic-Nature--13-Lecture-II.--of-VI.---Lectures-to-Working-Men--at-the__2922
2923	The-Method-by-Which-the-Causes-of-the-Present-and-Past-Conditions-of-Organic-Nature-Are-to-Be-__2923
2924	The-Perpetuation-of-Living-Beings-Hereditary-Transmission-and-Variation--13-Lecture-IV.--of-VI__2924
2925	The-Conditions-of-Existence-as-Affecting-the-Perpetuation-of-Living-Beings--13-Lecture-V.--of-__2925
2926	A-Critical-Examination-of-the-Position-of-Mr.-Darwin-s-Work--On-the-Origin-of-Species---in-Rel__2926
2929	The-Origin-of-Species--13-From-The-Westminster-Review-April-1860_2929
2975	The-Memoirs-of-Jacques-Casanova-de-Seingalt-1725-1798.-Volume-25--Russia-and-Poland_2975
2976	The-Memoirs-of-Jacques-Casanova-de-Seingalt-1725-1798.-Volume-26--Spain_2976
2977	The-Memoirs-of-Jacques-Casanova-de-Seingalt-1725-1798.-Volume-27--Expelled-from-Spain_2977
2978	The-Memoirs-of-Jacques-Casanova-de-Seingalt-1725-1798.-Volume-28--Rome_2978
2979	The-Memoirs-of-Jacques-Casanova-de-Seingalt-1725-1798.-Volume-29--Florence-to-Trieste_2979
2980	The-Memoirs-of-Jacques-Casanova-de-Seingalt-1725-1798.-Volume-30--Old-Age-and-Death_2980
2981	The-Memoirs-of-Jacques-Casanova-de-Seingalt-1725-1798.-Complete_2981
2982	Mark-Twain--A-Biography.-Volume-I-Part-1--1835-1866_2982
2983	Mark-Twain--A-Biography.-Volume-I-Part-2--1835-1866_2983
2984	Mark-Twain--A-Biography.-Volume-II-Part-1--1886-1900_2984
2985	Mark-Twain--A-Biography.-Volume-II-Part-2--1886-1900_2985
2986	Mark-Twain--A-Biography.-Volume-III-Part-1--1900-1907_2986
2987	Mark-Twain--A-Biography.-Volume-III-Part-2--1907-1910_2987
2988	Mark-Twain--A-Biography.-Complete_2988
2989	Garrison-s-Finish--A-Romance-of-the-Race-Course_2989
2991	Sir-Francis-Drake-s-Famous-Voyage-Round-the-World_2991
2992	The-Middle-Class-Gentleman_2992
2993	Samuel-Butler--A-Sketch_2993
2994	A-Spirit-in-Prison_2994
3043	The-Quaker-Colonies--A-Chronicle-of-the-Proprietors-of-the-Delaware_3043
3044	Desperate-Remedies_3044
3045	The-Last-Chronicle-of-Barset_3045
3046	The-Land-of-the-Changing-Sun_3046
3047	Life-s-Little-Ironies--13-A-set-of-tales-with-some-colloquial-sketches-entitled-A-Few-Crusted-__3047
3048	The-Little-Duke--Richard-the-Fearless_3048
3049	A-Group-of-Noble-Dames_3049
3050	Notes-of-a-War-Correspondent_3050
3051	An-Open-Eyed-Conspiracy-An-Idyl-of-Saratoga_3051
3052	Complete-Works-of-Plutarch---Volume-3--Essays-and-Miscellanies_3052
3053	Signs-of-Change_3053
3054	Volcanic-Islands_3054
3055	The-Wood-Beyond-the-World_3055
3056	Wessex-Tales_3056
3058	A-Changed-Man-and-Other-Tales_3058
3059	The-Iliad_3059
3109	Fashions-in-Literature_3109
3110	The-American-Newspaper_3110
3111	Certain-Diversities-of-American-Life_3111
3112	The-Pilgrim-and-the-American-of-Today--1892-_3112
3113	Some-Causes-of-the-Prevailing-Discontent_3113
3114	The-Education-of-the-Negro_3114
3115	The-Indeterminate-Sentence--What-Shall-Be-Done-with-the-Criminal-Class-_3115
3116	Literary-Copyright_3116
3117	The-Relation-of-Literature-to-Life_3117
3118	Equality_3118
3119	What-Is-Your-Culture-to-Me-_3119
3120	Modern-Fiction_3120
3121	Thoughts-Suggested-by-Mr.-Froude-s--Progress-_3121
3122	England_3122
3123	The-Novel-and-the-Common-School_3123
3124	The-People-for-Whom-Shakespeare-Wrote_3124
3125	The-Complete-Essays-of-Charles-Dudley-Warner_3125
3126	On-Horseback_3126
3127	Being-a-Boy_3127
3157	The-Path-of-Empire--A-Chronicle-of-the-United-States-as-a-World-Power_3157
3163	Birds-and-Bees-Sharp-Eyes-and-Other-Papers_3163
3170	Chants-for-Socialists_3170
3176	The-Innocents-Abroad_3176
3177	Roughing-It_3177
3179	The-American-Claimant_3179
3180	A-Double-Barrelled-Detective-Story_3180
3181	The-Stolen-White-Elephant_3181
3182	Some-Rambling-Notes-of-an-Idle-Excursion_3182
3183	The-Facts-Concerning-the-Recent-Carnival-of-Crime-in-Connecticut_3183
3184	Alonzo-Fitz-and-Other-Stories_3184
3185	Those-Extraordinary-Twins_3185
3186	The-Mysterious-Stranger-and-Other-Stories_3186
3187	Christian-Science_3187
3188	Mark-Twain-s-Speeches_3188
3189	Sketches-New-and-Old_3189
3190	1601--Conversation-as-it-was-by-the-Social-Fireside-in-the-Time-of-the-Tudors_3190
3191	Goldsmith-s-Friend-Abroad-Again_3191
3192	The-Curious-Republic-of-Gondour-and-Other-Whimsical-Sketches_3192
3193	Mark-Twain-s-Letters---Volume-1--1853-1866-_3193
3194	Mark-Twain-s-Letters---Volume-2--1867-1875-_3194
3200	The-Entire-Project-Gutenberg-Works-of-Mark-Twain_3200
3208	Mr.-Honey-s-Medium-Business-Dictionary--German-English-_3208
3210	Mr.-Honey-s-Small-Banking-Dictionary--German-English-_3210
3214	Mr.-Honey-s-Insurance-Dictionary--German-English-_3214
3217	Mr.-Honey-s-Small-Business-Dictionary--English-German-_3217
3220	Mr.-Honey-s-Large-Business-Dictionary--German-English-_3220
3224	Mr.-Honey-s-Work-Study-Dictionary--German-English-_3224
3226	Records-of-Journeys-to-Venice-and-the-Low-Countries_3226
3231	The-Rifle-and-the-Hound-in-Ceylon_3231
3232	Songs-of-the-Ridings_3232
3238	Poems-of-Cheer_3238
3244	To-Him-That-Hath--A-Tale-of-the-West-of-Today_3244
3245	Black-Rock--A-Tale-of-the-Selkirks_3245
3246	The-Mirror-of-Literature-Amusement-and-Instruction--13-Volume-13-No.-365-April-11-1829_3246
3247	The-Patrol-of-the-Sun-Dance-Trail_3247
3248	The-Sky-Pilot--A-Tale-of-the-Foothills_3248
3249	The-Major_3249
3250	How-to-Tell-a-Story-and-Other-Essays_3250
3251	The-Man-That-Corrupted-Hadleyburg-and-Other-Stories_3251
3252	Complete-Project-Gutenberg-Oliver-Wendell-Holmes-Sr.-Works_3252
3253	The-Papers-And-Writings-Of-Abraham-Lincoln-Complete_3253
3254	Complete-Project-Gutenberg-John-Galsworthy-Works_3254
3255	Moments-of-Vision-and-Miscellaneous-Verses_3255
3256	Books-and-Bookmen_3256
3257	New-Thought-Pastels_3257
3258	A-Laodicean---A-Story-of-To-day_3258
3259	Countess-Kate_3259
3260	A-Short-History-of-Wales_3260
3261	News-from-Nowhere--Or-An-Epoch-of-Rest--13-Being-Some-Chapters-from-a-Utopian-Romance_3261
3262	The-Pilgrims-of-Hope-and-Chants-for-Socialists_3262
3263	The-Portygee_3263
3266	Miss-Billy_3266
3268	The-Mysteries-of-Udolpho_3268
3273	The-Complete-Works-of-Artemus-Ward-Part-3-Stories-and-Romances_3273
3274	The-Complete-Works-of-Artemus-Ward-Part-4-To-California-and-Return_3274
3282	The-Brown-Fairy-Book_3282
3288	The-Sky-Pilot-in-No-Man-s-Land_3288
3289	The-Valley-of-Fear_3289
3294	The-Sea-Hawk_3294
3296	The-Confessions-of-St.-Augustine_3296
3300	An-Inquiry-into-the-Nature-and-Causes-of-the-Wealth-of-Nations_3300
3303	Prince-Hagen_3303
3306	At-Suvla-Bay--13-Being-the-notes-and-sketches-of-scenes-characters-and-adventures-of-the-Darda__3306
3310	A-Forgotten-Empire-Vijayanagar-A-Contribution-to-the-History-of-India_3310
3312	The-Native-Son_3312
3316	How-Members-of-Congress-Are-Bribed_3316
3317	Now-It-Can-Be-Told_3317
3318	Days-with-Sir-Roger-De-Coverley_3318
3319	Letters-to-Dead-Authors_3319
3320	Mohammed-Ali-and-His-House_3320
3321	Children-of-the-Whirlwind_3321
3322	East-Lynne_3322
3323	The-Ward-of-King-Canute--A-Romance-of-the-Danish-Conquest_3323
3324	A-Rebellious-Heroine_3324
3325	Locrine-A-Tragedy_3325
3326	The-Well-Beloved--A-Sketch-of-a-Temperament_3326
3327	Bulfinch-s-Mythology--The-Age-of-Fable_3327
3328	Man-and-Superman--A-Comedy-and-a-Philosophy_3328
3329	Caesar-and-Cleopatra_3329
3330	The-Analects-of-Confucius-from-the-Chinese-Classics_3330
3331	The-Diary-of-Samuel-Pepys_3331
3334	Drake-s-Great-Armada_3334
3336	Within-an-Inch-of-His-Life_3336
3338	Sir-Humphrey-Gilbert-s-Voyage-to-Newfoundland_3338
3342	The-Wandering-Jew---Volume-04_3342
3345	The-Wandering-Jew---Volume-07_3345
3348	The-Wandering-Jew---Volume-10_3348
3352	Letters-to-His-Son-1748--13-On-the-Fine-Art-of-Becoming-a-Man-of-the-World-and-a-Gentleman_3352
3359	Letters-to-His-Son-1759-65--13-On-the-Fine-Art-of-Becoming-a-Man-of-the-World-and-a-Gentleman_3359
3366	A-Hazard-of-New-Fortunes---Volume-1_3366
3373	Their-Silver-Wedding-Journey---Volume-3_3373
3380	Staccato-Notes-of-a-Vanished-Summer--from-Literature-and-Life-_3380
3385	Last-Days-in-a-Dutch-Hotel--from-Literature-and-Life-_3385
3386	The-Editor-s-Relations-with-the-Young-Contributor--from-Literature-and-Life-_3386
3387	Confessions-of-a-Summer-Colonist--from-Literature-and-Life-_3387
3388	The-Man-of-Letters-as-a-Man-of-Business_3388
3389	Literature-and-Life--Complete-_3389
3390	My-Mark-Twain--from-Literary-Friends-and-Acquaintance-_3390
3391	A-Belated-Guest--from-Literary-Friends-and-Acquaintance-_3391
3392	Cambridge-Neighbors--from-Literary-Friends-and-Acquaintance-_3392
3393	Studies-of-Lowell--from-Literary-Friends-and-Acquaintance-_3393
3394	The-White-Mr.-Longfellow--from-Literary-Friends-and-Acquaintance-_3394
3395	Oliver-Wendell-Holmes--from-Literary-Friends-and-Acquaintance-_3395
3396	Literary-Boston-as-I-Knew-It--from-Literary-Friends-and-Acquaintance-_3396
3397	Roundabout-to-Boston--from-Literary-Friends-and-Acquaintance-_3397
3398	My-First-Visit-to-New-England-and-Others--from-Literary-Friends-and-Acquaintance-_3398
3399	Complete-Project-Gutenberg-William-Dean-Howells-Literature-Essays_3399
3400	Complete-Project-Gutenberg-William-Dean-Howells-Works_3400
3401	The-Elevator_3401
3402	The-Parlor-Car_3402
3403	The-Register_3403
3457	The-Man-of-the-Forest_3457
3458	Science-and-Health-with-Key-to-the-Scriptures_3458
3459	Quotations-from-the-Project-Gutenberg-Editions-of-the-Works-of-John-Galsworthy_3459
3460	Old-Fritz-and-the-New-Era_3460
3461	Essays-on-Life-Art-and-Science_3461
3462	More-Hunting-Wasps_3462
3463	The-Boys-Life-of-Mark-Twain_3463
3464	Tish--The-Chronicle-of-Her-Escapades-and-Excursions_3464
3465	Under-Two-Flags_3465
3466	The-Foreigner--A-Tale-of-Saskatchewan_3466
3467	The-Life-of-Cesare-Borgia_3467
3468	Poems-By-the-Way_3468
3469	The-Hand-of-Ethelberta--A-Comedy-in-Chapters_3469
3470	Such-Is-Life_3470
3471	Quotations-from-the-Project-Gutenberg-Editions-of-the-Works-of-Charles-Dudley-Warner_3471
3472	Merton-of-the-Movies_3472
3546	The-Eureka-Stockade_3546
3551	Memoirs-of-Napoleon-Bonaparte---Volume-01_3551
3552	Memoirs-of-Napoleon-Bonaparte---Volume-02_3552
3553	Memoirs-of-Napoleon-Bonaparte---Volume-03_3553
3554	Memoirs-of-Napoleon-Bonaparte---Volume-04_3554
3555	Memoirs-of-Napoleon-Bonaparte-Volume-05_3555
3556	Memoirs-of-Napoleon-Bonaparte-Volume-06_3556
3557	Memoirs-of-Napoleon-Bonaparte-Volume-07_3557
3558	Memoirs-of-Napoleon-Bonaparte-Volume-08_3558
3559	Memoirs-of-Napoleon-Bonaparte-Volume-09_3559
3560	Memoirs-of-Napoleon-Bonaparte-Volume-10_3560
3561	Memoirs-of-Napoleon-Bonaparte-Volume-11_3561
3562	Memoirs-of-Napoleon-Bonaparte-Volume-12_3562
3563	Memoirs-of-Napoleon-Bonaparte-Volume-13_3563
3564	Memoirs-of-Napoleon-Bonaparte-Volume-14_3564
3565	Memoirs-of-Napoleon-Bonaparte-Volume-15_3565
3566	Memoirs-of-Napoleon-Bonaparte-Volume-16_3566
3567	Memoirs-of-Napoleon-Bonaparte---Complete_3567
3568	Recollections-of-the-Private-Life-of-Napoleon-Volume-01_3568
3571	Recollections-of-the-Private-Life-of-Napoleon-Volume-04_3571
3576	Recollections-of-the-Private-Life-of-Napoleon-Volume-09_3576
3581	Essays-of-Michel-de-Montaigne---Volume-01_3581
3586	Essays-of-Michel-de-Montaigne---Volume-06_3586
3591	Essays-of-Michel-de-Montaigne---Volume-11_3591
3596	Essays-of-Michel-de-Montaigne---Volume-16_3596
3601	The-Captives_3601
3606	Antonina--Or-The-Fall-of-Rome_3606
3611	Second-Shetland-Truck-System-Report_3611
3616	The-O-Conors-of-Castle-Conor-County-Mayo-From-Tales-from-All-Countries_3616
3621	Peg-O-My-Heart_3621
3622	The-Duke-s-Children_3622
3623	The-Golden-Bough-A-Study-of-Magic-and-Religion_3623
3624	Chaucer_3624
3625	Honor--de-Balzac_3625
3626	Widger-s-Quotations-from-the-Project-Gutenberg-Editions-of-the-Works-of-Abraham-Lincoln_3626
3627	Life-of-Bunyan_3627
3628	The-Kingdom-of-Love_3628
3629	The-Titan_3629
3630	What-to-Do--Thoughts-Evoked-by-the-Census-of-Moscow_3630
3631	On-the-Significance-of-Science-and-Art_3631
3632	Poor-Miss-Finch_3632
3633	Jezebel-s-Daughter_3633
3634	The-Guilty-River_3634
3635	Mother--A-Story_3635
3636	The-Fall-of-the-Niebelungs_3636
3637	The-Garden-of-Allah_3637
3638	The-Devil-s-Disciple_3638
3639	Diary-of-a-Pedestrian-in-Cashmere-and-Thibet_3639
3641	Who-Cares--A-Story-of-Adolescence_3641
3646	The-Dwelling-Place-of-Light---Volume-1_3646
3650	Selections-from-American-poetry-with-special-reference-to-Poe-Longfellow-Lowell-and-Whittier_3650
3652	History-of-the-Mackenzies-with-genealogies-of-the-principal-families-of-the-name_3652
3657	Wild-Beasts-and-Their-Ways-Reminiscences-of-Europe-Asia-Africa-and-America-Volume-1_3657
3662	Oscar-Wilde-His-Life-and-Confessions-Volume-1_3662
3663	The-Girl-from-Keller-s_3663
3667	Wolfville-Days_3667
3669	A-Woman-Hater_3669
3672	The-2000-CIA-World-Factbook_3672
3677	On-Our-Selection_3677
3678	Jonah_3678
3679	Getting-Gold--A-Practical-Treatise-for-Prospectors-Miners-and-Students_3679
3681	Mr.-Crewe-s-Career---Volume-1_3681
3682	Mr.-Crewe-s-Career---Volume-2_3682
3683	Mr.-Crewe-s-Career---Volume-3_3683
3684	Mr.-Crewe-s-Career---Complete_3684
3685	Egypt--La-Mort-de-Philae-_3685
3686	The-Army-of-the-Cumberland_3686
3687	The-Ruby-of-Kishmoor_3687
3688	The-Chronicles-of-Clovis_3688
3689	Letters-of-Franz-Liszt-Volume-1-from-Paris-to-Rome-Years-of-Travel-as-a-Virtuoso_3689
3690	Floor-Games--a-companion-volume-to--Little-Wars-_3690
3691	Little-Wars--a-game-for-boys-from-twelve-years-of-age-to-one-hundred-and-fifty-and-for-that-mo__3691
3692	The-House-of-Life_3692
3693	Louisa-of-Prussia-and-Her-Times--A-Historical-Novel_3693
3694	Every-Man-in-His-Humour_3694
3695	Every-Man-out-of-His-Humour_3695
3697	A-Century-of-Roundels_3697
3698	The-Task-and-Other-Poems_3698
3699	Miss-Sarah-Jack-of-Spanish-Town-Jamaica_3699
3700	The-Courtship-of-Susan-Bell_3700
3701	Letters-from-High-Latitudes-Being-Some-Account-of-a-Voyage-in-1856-of-the-Schooner-Yacht-Foam-__3701
3702	Foul-Play_3702
3703	Dot-and-the-Kangaroo_3703
3704	Journal-of-Researches-into-the-Natural-History-and-Geology-of-the-Countries-Visited-During-the__3704
3705	Happy-Hawkins_3705
3706	The-Valiant-Runaways_3706
3707	The-Trimmed-Lamp-and-other-Stories-of-the-Four-Million_3707
3708	An-Introduction-to-Chemical-Science_3708
3709	Love-Eternal_3709
3710	An-Unprotected-Female-at-the-Pyramids_3710
3711	The-Relics-of-General-Chasse-A-Tale-of-Antwerp_3711
3713	Aaron-Trow_3713
3719	The-Mistletoe-Bough_3719
3725	Famous-Men-of-the-Middle-Ages_3725
3731	Disturbances-of-the-Heart-Discussion-of-the-Treatment-of-the-Heart-in-Its-Various-Disorders-Wi__3731
3737	A-Far-Country---Volume-2_3737
3743	The-Writings-of-Thomas-Paine---Volume-4--1794-1796---The-Age-of-Reason_3743
3749	Widger-s-Quotations-from-Project-Gutenberg-Edition-of-The-Confessions-of-Jean-Jacques-Rousseau_3749
3751	The-Psychology-of-Beauty_3751
3752	Voyager-s-Tales_3752
3753	Peacock-Pie-a-Book-of-Rhymes_3753
3754	The-Wonders-of-Instinct--Chapters-in-the-Psychology-of-Insects_3754
3755	Common-Sense_3755
3756	Indiscretions-of-Archie_3756
3757	The-White-Bees_3757
3758	The-Gates-of-Chance_3758
3759	Fridthjof-s-Saga-a-Norse-romance_3759
3760	Sybil-Or-The-Two-Nations_3760
3761	This-Country-of-Ours_3761
3762	Coniston---Volume-01_3762
3763	Coniston---Volume-02_3763
3764	Coniston---Volume-03_3764
3765	Coniston---Volume-04_3765
3766	Coniston---Complete_3766
3767	The-Man-Who-Kept-His-Money-in-a-Box_3767
3768	The-Lamp-and-the-Bell--A-Drama-In-Five-Acts_3768
3769	Rejected-Addresses-Or-The-New-Theatrum-Poetarum_3769
3770	A-Second-Book-of-Operas_3770
3771	Cynthia-s-Revels--Or-The-Fountain-of-Self-Love_3771
3772	The-Student-s-Elements-of-Geology_3772
3773	Hopes-and-Fears-for-Art_3773
3774	The-Eskimo-Twins_3774
3775	Napoleon-Bonaparte_3775
3776	The-Valley-of-Fear_3776
3777	Tom-Swift-and-His-Electric-Rifle--Or-Daring-Adventures-in-Elephant-Land_3777
3778	The-Interdependence-of-Literature_3778
3779	A-History-of-the-Nations-and-Empires-Involved-and-a-Study-of-the-Events-Culminating-in-the-Gre__3779
3780	The-King-s-Highway_3780
3781	The-Jewel-of-Seven-Stars_3781
3785	In-the-Reign-of-Terror--The-Adventures-of-a-Westminster-Boy_3785
3791	The-Reign-of-Law--a-tale-of-the-Kentucky-hemp-fields_3791
3797	In-the-Days-of-the-Comet_3797
3803	File-No.-113_3803
3809	The-Master-of-the-World_3809
3815	Rolling-Stones_3815
3822	Balzac_3822
3823	Thelma_3823
3824	The-Lamp-of-Fate_3824
3825	Pygmalion_3825
3826	Rise-of-the-New-West-1819-1829_3826
3827	The-Days-Before-Yesterday_3827
3828	Simon-the-Jester_3828
3829	Love-Among-the-Chickens_3829
3830	Overruled_3830
3831	The-Secret-Power_3831
3832	Australia-Felix_3832
3833	Australian-Legendary-Tales--folk-lore-of-the-Noongahburrahs-as-told-to-the-Piccaninnies_3833
3834	Hassan-the-story-of-Hassan-of-Bagdad-and-how-he-came-to-make-the-golden-journey-to-Samarkand-a__3834
3835	Correspondence-of-Wagner-and-Liszt-Volume-1_3835
3836	Swiss-Family-Robinson_3836
3837	Hospital-Sketches_3837
3838	Memoirs-of-Marguerite-de-Valois-Queen-of-Navarre---Volume-1_3838
3839	Memoirs-of-Marguerite-de-Valois-Queen-of-Navarre---Volume-2_3839
3840	Memoirs-of-Marguerite-de-Valois-Queen-of-Navarre---Volume-3_3840
3841	Memoirs-of-Marguerite-de-Valois-Queen-of-Navarre---Complete_3841
3842	Memoirs-of-Jean-Fran-ois-Paul-de-Gondi-Cardinal-de-Retz---Volume-1_3842
3843	Memoirs-of-Jean-Fran-ois-Paul-de-Gondi-Cardinal-de-Retz---Volume-2_3843
3844	Memoirs-of-Jean-Fran-ois-Paul-de-Gondi-Cardinal-de-Retz---Volume-3_3844
3845	Memoirs-of-Jean-Fran-ois-Paul-de-Gondi-Cardinal-de-Retz---Volume-4_3845
3846	Memoirs-of-Jean-Fran-ois-Paul-de-Gondi-Cardinal-de-Retz---Complete_3846
3847	Memoirs-of-Madame-la-Marquise-de-Montespan---Volume-1_3847
3848	Memoirs-of-Madame-la-Marquise-de-Montespan---Volume-2_3848
3849	Memoirs-of-Madame-la-Marquise-de-Montespan---Volume-3_3849
3850	Memoirs-of-Madame-la-Marquise-de-Montespan---Volume-4_3850
3851	Memoirs-of-Madame-la-Marquise-de-Montespan---Volume-5_3851
3874	Memoirs-of-Louis-XIV-and-His-Court-and-of-the-Regency---Volume-15_3874
3879	Memoirs-of-the-Courts-of-Louis-XV-and-XVI.---Volume-4--13-Being-secret-memoirs-of-Madame-Du-Ha__3879
3884	Memoirs-of-the-Court-of-Marie-Antoinette-Queen-of-France-Volume-1--13-Being-the-Historic-Memoi__3884
3889	Memoirs-of-the-Court-of-Marie-Antoinette-Queen-of-France-Volume-6--13-Being-the-Historic-Memoi__3889
3894	Memoirs-of-the-Court-of-St.-Cloud--Being-secret-letters-from-a-gentleman-at-Paris-to-a-noblema__3894
3895	Memoirs-of-the-Court-of-St.-Cloud--Being-secret-letters-from-a-gentleman-at-Paris-to-a-noblema__3895
3896	Memoirs-of-the-Court-of-St.-Cloud--Being-secret-letters-from-a-gentleman-at-Paris-to-a-noblema__3896
3897	Memoirs-of-the-Court-of-St.-Cloud--Being-secret-letters-from-a-gentleman-at-Paris-to-a-noblema__3897
3898	Memoirs-of-the-Court-of-St.-Cloud--Being-secret-letters-from-a-gentleman-at-Paris-to-a-noblema__3898
3899	Memoirs-of-the-Court-of-St.-Cloud--Being-secret-letters-from-a-gentleman-at-Paris-to-a-noblema__3899
3900	Court-Memoirs-of-France-Series---Complete_3900
3901	The-Confessions-of-Jean-Jacques-Rousseau---Volume-01_3901
3902	The-Confessions-of-Jean-Jacques-Rousseau---Volume-02_3902
3903	The-Confessions-of-Jean-Jacques-Rousseau---Volume-03_3903
3904	The-Confessions-of-Jean-Jacques-Rousseau---Volume-04_3904
3905	The-Confessions-of-Jean-Jacques-Rousseau---Volume-05_3905
3906	The-Confessions-of-Jean-Jacques-Rousseau---Volume-06_3906
3907	The-Confessions-of-Jean-Jacques-Rousseau---Volume-07_3907
3908	The-Confessions-of-Jean-Jacques-Rousseau---Volume-08_3908
3909	The-Confessions-of-Jean-Jacques-Rousseau---Volume-09_3909
3910	The-Confessions-of-Jean-Jacques-Rousseau---Volume-10_3910
3911	The-Confessions-of-Jean-Jacques-Rousseau---Volume-11_3911
3912	The-Confessions-of-Jean-Jacques-Rousseau---Volume-12_3912
3913	The-Confessions-of-Jean-Jacques-Rousseau---Complete_3913
3914	Serge-Panine-Volume-01_3914
3915	Serge-Panine-Volume-02_3915
3916	Serge-Panine-Volume-03_3916
3917	Serge-Panine-Volume-04_3917
3918	Serge-Panine---Complete_3918
3919	The-Red-Lily-Volume-01_3919
3920	The-Red-Lily-Volume-02_3920
3921	The-Red-Lily-Volume-03_3921
3922	The-Red-Lily---Complete_3922
3923	Monsieur-Madame-and-Bebe-Volume-01_3923
3924	Monsieur-Madame-and-Bebe-Volume-02_3924
3929	Prince-Zilah-Volume-3_3929
3934	Zibeline---Complete_3934
3939	The-Confession-of-a-Child-of-the-Century-Volume-1_3939
3944	Monsieur-de-Camors-Volume-2_3944
3949	Cinq-Mars-Volume-3_3949
3954	L-Abbe-Constantin-Volume-1_3954
3959	A-Romance-of-Youth-Volume-2_3959
3964	Cosmopolis-Volume-2_3964
3967	Cosmopolis---Complete_3967
3968	Jacqueline-Volume-1_3968
3969	Jacqueline-Volume-2_3969
3970	Jacqueline-Volume-3_3970
3971	Jacqueline---Complete_3971
3972	The-Ink-Stain-Tache-d-encre-Volume-1_3972
3973	The-Ink-Stain-Tache-d-encre-Volume-2_3973
3974	The-Ink-Stain-Tache-d-encre-Volume-3_3974
3975	The-Ink-Stain--Tache-d-encre----Complete_3975
3976	Fromont-and-Risler-Volume-1_3976
3977	Fromont-and-Risler-Volume-2_3977
3978	Fromont-and-Risler-Volume-3_3978
3979	Fromont-and-Risler-Volume-4_3979
3980	Fromont-and-Risler---Complete_3980
3981	Gerfaut-Volume-1_3981
3982	Gerfaut-Volume-2_3982
3983	Gerfaut-Volume-3_3983
3984	Gerfaut-Volume-4_3984
3985	Gerfaut---Complete_3985
3986	Conscience-Volume-1_3986
3987	Conscience-Volume-2_3987
3988	Conscience-Volume-3_3988
3989	Conscience-Volume-4_3989
3990	Conscience---Complete_3990
3991	Madame-Chrysantheme-Volume-1_3991
3992	Madame-Chrysantheme-Volume-2_3992
3993	Madame-Chrysantheme-Volume-3_3993
3994	Madame-Chrysantheme-Volume-4_3994
3995	Madame-Chrysantheme---Complete_3995
3999	An-Attic-Philosopher-in-Paris---Complete_3999
4004	On-the-Prospects-of-Christianity--13-Bernard-Shaw-s-Preface-to-Androcles-and-the-Lion_4004
4041	Conscience_4041
4042	Mozart-The-Man-and-the-Artist-as-Revealed-in-His-Own-Words_4042
4043	The-Dynasts--An-Epic-Drama-of-the-War-with-Napoleon_4043
4044	What-the-Animals-Do-and-Say_4044
4045	Omoo--Adventures-in-the-South-Seas_4045
4046	The-Garden-of-Survival_4046
4047	The-Leavenworth-Case_4047
4048	The-Talkative-Wig_4048
4049	Piccolissima_4049
4050	Mates-at-Billabong_4050
4051	Lady-Bridget-in-the-Never-Never-Land--a-story-of-Australian-life_4051
4052	Address-to-the-Inhabitants-of-the-Colonies-established-in-New-South-Wales-And-Norfolk-Island_4052
4053	Nuttie-s-Father_4053
4054	A-Lady-s-Visit-to-the-Gold-Diggings-of-Australia-in-1852-53_4054
4055	The-Future-of-the-Colored-Race-in-America-Being-an-article-in-the-Presbyterian-quarterly-revie__4055
4056	Two-Festivals_4056
4057	Marius-the-Epicurean---Volume-1_4057
4058	Marius-the-Epicurean---Volume-2_4058
4059	Miscellaneous-Studies--a-series-of-essays_4059
4060	The-Renaissance-studies-in-art-and-poetry_4060
4061	The-Fifteen-Decisive-Battles-of-the-World--from-Marathon-to-Waterloo_4061
4062	Gaston-de-Latour-an-unfinished-romance_4062
4063	Peter-Plymley-s-Letters-and-Selected-Essays_4063
4064	Moonbeams-from-the-Larger-Lunacy_4064
4065	Side-Lights-on-Astronomy-and-Kindred-Fields-of-Popular-Science_4065
4066	Wild-Apples_4066
4067	Frederick-the-Great-and-His-Court_4067
4068	Froudacity--West-Indian-Fables-by-James-Anthony-Froude-Explained-by-J.-J.-Thomas_4068
4073	Ex-Voto-An-Account-of-the-Sacro-Monte-or-New-Jerusalem-at-Varallo-Sesia-With-Some-Notice-of-Ta__4073
4085	The-Adventures-of-Roderick-Random_4085
4091	The-French-Twins_4091
4097	Alice-of-Old-Vincennes_4097
4103	The-Mayflower-and-Her-Log-July-15-1620-May-6-1621-Volume-3_4103
4109	Christopher-Columbus-and-the-New-World-of-His-Discovery---Volume-2_4109
4115	Christopher-Columbus-and-the-New-World-of-His-Discovery---Volume-8_4115
4116	Christopher-Columbus-and-the-New-World-of-His-Discovery---Complete_4116
4117	Diary-of-Samuel-Pepys---Volume-01--Preface-and-Life_4117
4118	Diary-of-Samuel-Pepys---Volume-02--January-1659-1660_4118
4119	Diary-of-Samuel-Pepys---Volume-03--February-1659-1660_4119
4120	Diary-of-Samuel-Pepys---Volume-04--March-April-1659-1660_4120
4121	Diary-of-Samuel-Pepys---Volume-05--May-1660_4121
4122	Diary-of-Samuel-Pepys---Volume-06--June-July-1660_4122
4123	Diary-of-Samuel-Pepys---Volume-07--August-September-1660_4123
4124	Diary-of-Samuel-Pepys---Volume-08--October-November-December-1660_4124
4125	Diary-of-Samuel-Pepys---Complete-1660-N.S._4125
4126	Diary-of-Samuel-Pepys---Volume-09--January-February-March-1660-61_4126
4127	Diary-of-Samuel-Pepys---Volume-10--April-May-1661_4127
4128	Diary-of-Samuel-Pepys---Volume-11--June-July-August-1661_4128
4129	Diary-of-Samuel-Pepys---Volume-12--September-October-1661_4129
4130	Diary-of-Samuel-Pepys---Volume-13--November-December-1661_4130
4131	Diary-of-Samuel-Pepys---Complete-1661-N.S._4131
4132	Diary-of-Samuel-Pepys---Volume-14--January-February-1661-62_4132
4133	Diary-of-Samuel-Pepys---Volume-15--March-April-1661-62_4133
4134	Diary-of-Samuel-Pepys---Volume-16--May-June-1662_4134
4135	Diary-of-Samuel-Pepys---Volume-17--July-August-1662_4135
4136	Diary-of-Samuel-Pepys---Volume-18--September-October-1662_4136
4137	Diary-of-Samuel-Pepys---Volume-19--November-December-1662_4137
4138	Diary-of-Samuel-Pepys---Complete-1662-N.S._4138
4139	Diary-of-Samuel-Pepys---Volume-20--January-February-1662-63_4139
4140	Diary-of-Samuel-Pepys---Volume-21--March-April-1662-63_4140
4141	Diary-of-Samuel-Pepys---Volume-22--May-June-1663_4141
4145	Diary-of-Samuel-Pepys---Complete-1663-N.S._4145
4151	Diary-of-Samuel-Pepys---Volume-31--October-November-1664_4151
4157	Diary-of-Samuel-Pepys---Volume-36--July-1665_4157
4163	Diary-of-Samuel-Pepys---Volume-41--January-February-1665-66_4163
4169	Diary-of-Samuel-Pepys---Volume-47--November-1666_4169
4175	Diary-of-Samuel-Pepys---Volume-52--April-1667_4175
4181	Diary-of-Samuel-Pepys---Volume-58--October-1667_4181
4187	Diary-of-Samuel-Pepys---Volume-63--March-1667-68_4187
4189	Diary-of-Samuel-Pepys---Volume-65--May-1668_4189
4190	Diary-of-Samuel-Pepys---Volume-66--June-July-1668_4190
4191	Diary-of-Samuel-Pepys---Volume-67--August-1668_4191
4192	Diary-of-Samuel-Pepys---Volume-68--September-October-1668_4192
4193	Diary-of-Samuel-Pepys---Volume-69--November-1668_4193
4194	Diary-of-Samuel-Pepys---Volume-70--December-1668_4194
4195	Diary-of-Samuel-Pepys---Complete-1668-N.S._4195
4196	Diary-of-Samuel-Pepys---Volume-71--January-1668-69_4196
4197	Diary-of-Samuel-Pepys---Volume-72--February-March-1668-69_4197
4198	Diary-of-Samuel-Pepys---Volume-73--April-May-1669_4198
4199	Diary-of-Samuel-Pepys---Complete-1669-N.S._4199
4200	The-Diary-of-Samuel-Pepys---Complete_4200
4201	Literary-Friends-and-Acquaintance--a-Personal-Retrospect-of-American-Authorship_4201
4202	Quotations-from-Diary-of-Samuel-Pepys_4202
4203	Wake-Robin_4203
4204	The-Elements-of-Geology_4204
4205	Berlin-and-Sans-Souci-Or-Frederick-the-Great-and-His-Friends_4205
4206	The-Letters-of-Franklin-K-Lane-Personal-and-Political_4206
4207	Aesthetic-Poetry_4207
4208	The-Journal-to-Stella_4208
4209	At-the-Mercy-of-Tiberius_4209
4210	Our-War-with-Spain-for-Cuba-s-Freedom_4210
4211	The-Treasure_4211
4212	Culture-and-Anarchy_4212
4213	The-Founder-of-New-France---A-Chronicle-of-Champlain_4213
4214	The-Puritaine-Widdow_4214
4217	A-Portrait-of-the-Artist-as-a-Young-Man_4217
4219	The-Art-of-Living-in-Australia-Together-with-Three-Hundred-Australian-Cookery-Recipes-and-Acce__4219
4223	The-Mystery-of-a-Hansom-Cab_4223
4224	Mr.-Hogarth-s-Will_4224
4229	The-South-Pole--an-account-of-the-Norwegian-Antarctic-expedition-in-the--Fram---1910-12---Volu__4229
4234	Correspondence-of-Wagner-and-Liszt-Volume-2_4234
4235	Dynevor-Terrace--Or-The-Clue-of-Life---Volume-1_4235
4239	An-Essay-on-the-Principle-of-Population_4239
4241	Se-quo-yah--from-Harper-s-New-Monthly-V.41_4241
4244	Among-the-Tibetans_4244
4247	A-Briefe-and-True-Report-of-the-New-Found-Land-of-Virginia_4247
4249	In-the-Sweet-Dry-and-Dry_4249
4253	Dramatic-Romances_4253
4254	Miscellanies-Upon-Various-Subjects_4254
4259	Andersonville--A-Story-of-Rebel-Military-Prisons---Volume-3_4259
4264	The-Golden-Bowl---Complete_4264
4265	Heroes-Every-Child-Should-Know_4265
4266	A-Woman-s-Way-Through-Unknown-Labrador_4266
4267	Abbeychurch--Or-Self-Control-and-Self-Conceit_4267
4268	Cousin-Phillis_4268
4269	Complete-Plays-of-John-Galsworthy_4269
4270	Ragged-Lady---Complete_4270
4271	A-Modern-Telemachus_4271
4272	The-Christian-Year_4272
4273	Nature-Cure-Philosophy-Practice-Based-on-the-Unity-of-Disease-Cure_4273
4274	Wives-and-Daughters_4274
4275	Ruth_4275
4276	North-and-South_4276
4277	Two-Years-Before-the-Mast_4277
4278	An-Introduction-to-Yoga_4278
4279	Winter-Sunshine_4279
4280	The-Critique-of-Pure-Reason_4280
4281	Helen-s-Babies_4281
4282	Don-Rodriguez--Chronicles-of-Shadow-Valley_4282
4283	Brazilian-Sketches_4283
4284	The-Window-Gazer_4284
4285	The-Master-Christian_4285
4286	Mastery-of-Self-for-Wealth-Power-Success_4286
4287	The-Red-Planet_4287
4288	The-Rich-Mrs.-Burgoyne_4288
4289	The-Duchess-of-Berry-and-the-Court-of-Charles-X_4289
4294	Tales-of-Aztlan--The-Romance-of-a-Hero-of-Our-Late-Spanish-American-War-Incidents-of-Interest-__4294
4299	The-Whirlpool_4299
4305	The-Unclassed_4305
4310	Will-Warburton_4310
4315	The-Life-of-Sir-Richard-Burton_4315
4320	An-Enquiry-Concerning-the-Principles-of-Morals_4320
4325	The-New-Book-of-Martyrs_4325
4330	Two-Expeditions-into-the-Interior-of-Southern-Australia---Complete_4330
4341	Mutual-Aid--A-Factor-of-Evolution_4341
4342	Organic-Gardener-s-Composting_4342
4343	How-and-When-to-Be-Your-Own-Doctor_4343
4344	Marie--a-story-of-Russian-love_4344
4345	Sparrows--The-Story-of-an-Unprotected-Girl_4345
4346	The-Effects-of-Cross-Self-Fertilisation-in-the-Vegetable-Kingdom_4346
4347	My-Young-Alcides--A-Faded-Photograph_4347
4348	Poor-Dear-Margaret-Kirby_4348
4349	Wisdom-and-Destiny_4349
4350	Physics-and-Politics-or-Thoughts-on-the-application-of-the-principles-of--natural-selection--a__4350
4351	The-English-Constitution_4351
4352	Laughter--An-Essay-on-the-Meaning-of-the-Comic_4352
4353	Five-Thousand-an-Hour--How-Johnny-Gamble-Won-the-Heiress_4353
4354	By-the-Ionian-Sea--Notes-of-a-Ramble-in-Southern-Italy_4354
4355	David-Crockett--His-Life-and-Adventures_4355
4356	Sky-Island--being-the-further-exciting-adventures-of-Trot-and-Cap-n-Bill-after-their-visit-to-__4356
4357	American-Fairy-Tales_4357
4358	The-Sea-Fairies_4358
4359	Lombard-Street--A-Description-of-the-Money-Market_4359
4360	Vendetta--A-Story-of-One-Forgotten_4360
4361	Memoirs-of-General-William-T.-Sherman---Complete_4361
4362	Personal-Memoirs-of-P.-H.-Sheridan-General-United-States-Army---Complete_4362
4363	Beyond-Good-and-Evil_4363
4364	The-Lances-of-Lynwood_4364
4403	The-Shaving-of-Shagpat-an-Arabian-entertainment-Volume-3_4403
4420	Sandra-Belloni--originally-Emilia-in-England----Complete_4420
4421	Rhoda-Fleming-Volume-1_4421
4422	Rhoda-Fleming-Volume-2_4422
4423	Rhoda-Fleming-Volume-3_4423
4424	Rhoda-Fleming-Volume-4_4424
4425	Rhoda-Fleming-Volume-5_4425
4426	Rhoda-Fleming---Complete_4426
4427	Evan-Harrington-Volume-1_4427
4428	Evan-Harrington-Volume-2_4428
4429	Evan-Harrington-Volume-3_4429
4430	Evan-Harrington-Volume-4_4430
4431	Evan-Harrington-Volume-5_4431
4432	Evan-Harrington-Volume-6_4432
4433	Evan-Harrington-Volume-7_4433
4434	Evan-Harrington---Complete_4434
4435	Vittoria-Volume-1_4435
4436	Vittoria-Volume-2_4436
4437	Vittoria-Volume-3_4437
4438	Vittoria-Volume-4_4438
4439	Vittoria-Volume-5_4439
4440	Vittoria-Volume-6_4440
4441	Vittoria-Volume-7_4441
4442	Vittoria-Volume-8_4442
4443	Vittoria---Complete_4443
4498	Miscellaneous-Prose_4498
4499	Complete-Short-Works-of-George-Meredith_4499
4500	Complete-Project-Gutenberg-Works-of-George-Meredith_4500
4506	Lost-in-the-Fog_4506
4507	As-a-Man-Thinketh_4507
4508	South-Wind_4508
4509	Three-Acres-and-Liberty_4509
4510	Watersprings_4510
4511	The-Life-of-the-Bee_4511
4512	Gardening-Without-Irrigation--or-without-much-anyway_4512
4513	The-Rainbow-and-the-Rose_4513
4514	Tales-of-Men-and-Ghosts_4514
4515	The-Golden-Snare_4515
4516	Peter--A-Novel-of-Which-He-is-Not-the-Hero_4516
4517	Ethan-Frome_4517
4518	Madame-de-Treymes_4518
4519	The-Descent-of-Man-and-Other-Stories_4519
4520	Aaron-s-Rod_4520
4526	Born-in-Exile_4526
4527	The-Story-of-the-Soil-from-the-Basis-of-Absolute-Science-and-Real-Life-_4527
4532	Tom-Swift-and-His-Photo-Telephone-or-the-Picture-That-Saved-a-Fortune_4532
4537	Sylvia-s-Lovers---Complete_4537
4538	Little-Lucy-s-Wonderful-Globe_4538
4542	Checkmates-for-Three-Pieces_4542
4544	The-Cell-of-Self-Knowledge---seven-early-English-mystical-treatises-printed-by-Henry-Pepwell-i__4544
4547	The-Story-of-Sonny-Sahib_4547
4550	Fighting-France-from-Dunkerque-to-Belfort_4550
4552	The-Border-Legion_4552
4556	A-Woman-of-Thirty_4556
4557	The-Idea-of-Progress--An-Inguiry-into-Its-Origin-and-Growth_4557
4581	The-Thrall-of-Leif-the-Lucky--A-Story-of-Viking-Days_4581
4582	Bj-rnstjerne-Bj-rnson-1832-1910_4582
4583	Dialogues-Concerning-Natural-Religion_4583
4584	Mont-Saint-Michel-and-Chartres_4584
4585	God-s-Country-And-the-Woman_4585
4586	Danger--Or-Wounded-in-the-House-of-a-Friend_4586
4587	Finger-Posts-on-the-Way-of-Life_4587
4588	The-Allen-House--Or-Twenty-Years-Ago-and-Now_4588
4589	All-s-for-the-Best_4589
4590	After-the-Storm_4590
4591	After-a-Shadow-and-Other-Stories_4591
4592	Cast-Adrift_4592
4593	Friends-and-Neighbors--Or-Two-Ways-of-Living-in-the-World_4593
4594	Home-Lights-and-Shadows_4594
4595	Heart-Histories-and-Life-Pictures_4595
4596	Unknown-to-History--A-Story-of-the-Captivity-of-Mary-of-Scotland_4596
4597	Eclectic-School-Readings--Stories-from-Life_4597
4598	The-Story-of-Creation-as-Told-By-Theology-and-By-Science_4598
4599	The-Small-House-at-Allington_4599
4602	-The-Kingdom-of-God-Is-Within-You---13-Christianity-Not-as-a-Mystic-Religion-but-as-a-New-Theo__4602
4604	The-Clique-of-Gold_4604
4607	Love-Me-Little-Love-Me-Long_4607
4610	The-Letters-of-Horace-Walpole-Earl-of-Orford-Volume-2_4610
4612	The-Altar-Fire_4612
4616	Lessons-in-Life-for-All-Who-Will-Read-Them_4616
4617	Woman-s-Trials--Or-Tales-and-Sketches-from-the-Life-around-Us_4617
4622	Trials-and-Confessions-of-a-Housekeeper_4622
4627	The-Lights-and-Shadows-of-Real-Life_4627
4628	The-Iron-Rule--Or-Tyranny-in-the-Household_4628
4632	The-Good-Time-Coming_4632
4634	Uncle-William--The-Man-Who-Was-Shif-less_4634
4637	Angel-Island_4637
4640	San-Francisco-During-the-Eventful-Days-of-April-1906_4640
4642	The-Vigilance-Committee-of-1856_4642
4646	Their-Silver-Wedding-Journey---Complete_4646
4652	Escape-and-Other-Essays_4652
4658	Personal-Narrative-of-a-Pilgrimage-to-Al-Madinah-Meccah-Volume-2_4658
4659	Lady-Hester--Or-Ursula-s-Narrative_4659
4660	Timothy-Crump-s-Ward--A-Story-of-American-Life_4660
4661	Madame-Aubin_4661
4662	Narcissism-Book-of-Quotes--13-A-Selection-of-Quotes-from-the-Collective-Wisdom-of-over-12-000-__4662
4663	Malignant-Self-Love--Excerpts-_4663
4664	Light-Life-and-Love-Selections-from-the-German-Mystics-of-the-Middle-Ages_4664
4665	Signora-Fantastici--A-Dramatic-Proverb-_4665
4666	Letters-from-an-American-Farmer_4666
4667	Seven-Wives-and-Seven-Prisons--13-Or-Experiences-in-the-Life-of-a-Matrimonial-Monomaniac.-A-Tr__4667
4668	Siege-of-Washington-DC-written-expressly-for-little-people_4668
4669	Town-and-Country-Or-Life-at-Home-and-Abroad-Without-and-Within-Us_4669
4670	Lightfoot-the-Deer_4670
4671	The-Story-of-the-Pony-Express_4671
4672	The-Galleries-of-the-Exposition_4672
4673	Notes-By-the-Way-in-a-Sailor-s-Life_4673
4674	Tennessee-s-Partner_4674
4675	The-Sea-Witch--Or-The-African-Quadroon--A-Story-of-the-Slave-Coast_4675
4676	Outpost_4676
4677	Our-World-Or-the-Slaveholder-s-Daughter_4677
4678	Johnson-s-Lives-of-the-Poets---Volume-2_4678
4679	Johnson-s-Lives-of-the-Poets---Volume-1_4679
4683	Socrates_4683
4689	Famous-Affinities-of-History--The-Romance-of-Devotion.-Volume-1_4689
4695	Notes-to-the-Complete-Poetical-Works-of-Percy-Bysshe-Shelley_4695
4701	The-Ethics-of-the-Dust_4701
4722	An-Essay-Towards-a-New-Theory-of-Vision_4722
4723	A-Treatise-Concerning-the-Principles-of-Human-Knowledge_4723
4724	Three-Dialogues-Between-Hylas-and-Philonous-in-Opposition-to-Sceptics-and-Atheists_4724
4725	John-Lothrop-Motley-a-memoir-Volume-1_4725
4726	John-Lothrop-Motley-a-memoir-Volume-2_4726
4727	John-Lothrop-Motley-a-memoir-Volume-3_4727
4728	John-Lothrop-Motley-A-Memoir---Complete_4728
4729	Observations-By-Mr.-Dooley_4729
4730	The-Songs-of-a-Sentimental-Bloke_4730
4731	Seven-Little-Australians_4731
4732	Prolegomena-to-the-History-of-Israel_4732
4733	When-Egypt-Went-Broke--A-Novel_4733
4734	The-Grim-Smile-of-the-Five-Towns_4734
4735	The-Shepherd-of-the-Hills_4735
4736	Hadda-Pada_4736
4737	A-Tale-of-a-Tub_4737
4738	Three-Prayers-and-Sermons_4738
4739	Fly-Leaves_4739
4742	TrendSiters-Digital-Content-and-Web-Technologies_4742
4743	The-Country-Beyond--A-Romance-of-the-Wilderness_4743
4744	Ten-Nights-in-a-Bar-Room_4744
4745	At-the-Villa-Rose_4745
4746	Kennedy-Square_4746
4747	The-River-s-End_4747
4748	Baree-Son-of-Kazan_4748
4752	The-Spirit-of-Contradiction_4752
4753	The-Forfeiture_4753
4754	The-Philosophy-of-Despair_4754
4755	California-and-the-Californians_4755
4756	The-Love-Sonnets-of-a-Hoodlum_4756
4757	The-Long-Ago_4757
4758	Late-Lyrics-and-Earlier-With-Many-Other-Verses_4758
4759	The-Romance-of-Rubber_4759
4760	Tillie-a-Mennonite-Maid--a-Story-of-the-Pennsylvania-Dutch_4760
4804	The-Rise-of-the-Dutch-Republic-Volume-04-1555-59_4804
4805	The-Rise-of-the-Dutch-Republic-Volume-05-1559-60_4805
4806	The-Rise-of-the-Dutch-Republic-Volume-06-1560-61_4806
4807	The-Rise-of-the-Dutch-Republic-Volume-07-1561-62_4807
4808	The-Rise-of-the-Dutch-Republic-Volume-08-1563-64_4808
4809	The-Rise-of-the-Dutch-Republic-Volume-09-1564-65_4809
4810	The-Rise-of-the-Dutch-Republic-Volume-10-1566-part-I_4810
4811	The-Rise-of-the-Dutch-Republic---Complete--1555-66-_4811
4812	The-Rise-of-the-Dutch-Republic-Volume-11-1566-part-II_4812
4813	The-Rise-of-the-Dutch-Republic-Volume-12-1567-part-I_4813
4814	The-Rise-of-the-Dutch-Republic-Volume-13-1567-part-II_4814
4815	The-Rise-of-the-Dutch-Republic-Volume-14-1568-part-I_4815
4816	The-Rise-of-the-Dutch-Republic-Volume-15-1568-part-II_4816
4817	The-Rise-of-the-Dutch-Republic-Volume-16-1569-70_4817
4818	The-Rise-of-the-Dutch-Republic-Volume-17-1570-72_4818
4819	The-Rise-of-the-Dutch-Republic-Volume-18-1572_4819
4820	The-Rise-of-the-Dutch-Republic-Volume-19-1572-73_4820
4821	The-Rise-of-the-Dutch-Republic-Volume-20-1573_4821
4822	The-Rise-of-the-Dutch-Republic-Volume-21-1573-74_4822
4823	The-Rise-of-the-Dutch-Republic---Complete--1566-74-_4823
4824	The-Rise-of-the-Dutch-Republic-Volume-22-1574-76_4824
4825	The-Rise-of-the-Dutch-Republic-Volume-23-1576_4825
4826	The-Rise-of-the-Dutch-Republic-Volume-24-1576-77_4826
4827	The-Rise-of-the-Dutch-Republic-Volume-25-1577-part-II_4827
4828	The-Rise-of-the-Dutch-Republic-Volume-26-1577-part-III_4828
4829	The-Rise-of-the-Dutch-Republic-Volume-27-1577-78_4829
4830	The-Rise-of-the-Dutch-Republic-Volume-28-1578-part-II_4830
4831	The-Rise-of-the-Dutch-Republic-Volume-29-1578-part-III_4831
4832	The-Rise-of-the-Dutch-Republic-Volume-30-1579-80_4832
4833	The-Rise-of-the-Dutch-Republic-Volume-31-1580-82_4833
4834	The-Rise-of-the-Dutch-Republic-Volume-32-1582-84_4834
4835	The-Rise-of-the-Dutch-Republic---Complete--1574-84-_4835
4836	The-Rise-of-the-Dutch-Republic---Complete--1555-84-_4836
4837	History-of-the-United-Netherlands-from-the-Death-of-William-the-Silent-to-the-Twelve-Year-s-Tr__4837
4838	History-of-the-United-Netherlands-from-the-Death-of-William-the-Silent-to-the-Twelve-Year-s-Tr__4838
4839	History-of-the-United-Netherlands-from-the-Death-of-William-the-Silent-to-the-Twelve-Year-s-Tr__4839
4856	History-of-the-United-Netherlands-1588b_4856
4861	History-of-the-United-Netherlands-1590a_4861
4866	History-of-the-United-Netherlands-1594_4866
4871	History-of-the-United-Netherlands-1598-99_4871
4876	History-of-the-United-Netherlands-from-the-Death-of-William-the-Silent-to-the-Twelve-Year-s-Tr__4876
4881	History-of-the-United-Netherlands-from-the-Death-of-William-the-Silent-to-the-Twelve-Year-s-Tr__4881
4886	Life-and-Death-of-John-of-Barneveld-Advocate-of-Holland-with-a-view-of-the-primary-causes-and-__4886
4891	Life-and-Death-of-John-of-Barneveld-Advocate-of-Holland-with-a-view-of-the-primary-causes-and-__4891
4896	Life-and-Death-of-John-of-Barneveld-Advocate-of-Holland-with-a-view-of-the-primary-causes-and-__4896
4901	The-Only-True-Mother-Goose-Melodies_4901
4906	The-Lucky-Man_4906
4911	Wacousta---a-tale-of-the-Pontiac-conspiracy---Volume-3_4911
4916	Undertow_4916
4921	Young-Canada-s-Nursery-Rhymes_4921
4926	The-Age-of-Chivalry_4926
4931	Won-By-the-Sword---a-tale-of-the-Thirty-Years-War_4931
4941	The-House-Boat-Boys-Or-Drifting-Down-to-the-Sunny-South_4941
4946	Madame-Midas_4946
4954	Laicus-Or-the-Experiences-of-a-Layman-in-a-Country-Parish_4954
4959	The-Life-and-Adventures-of-Maj-Roger-Sherman-Potter_4959
4964	Waverley--Or-Tis-Sixty-Years-Since---Volume-1_4964
4965	Waverley--Or-Tis-Sixty-Years-Since---Volume-2_4965
4969	The-Belton-Estate_4969
4971	The-Great-Intendant-A-Chronicle-of-Jean-Talon-in-Canada-1665-1672_4971
4974	Australia-Twice-Traversed--13-The-Romance-of-Exploration-Being-a-Narrative-Compiled-from-the-J__4974
4977	The-McNaughtens_4977
4979	Blacky-the-Crow_4979
4983	Slips-of-Speech-a-Helpful-Book-for-Everyone-Who-Aspires-to-Correct-the-Everyday-Errors-of-Spea__4983
4984	The-Hidden-Children_4984
4989	A-Sweet-Girl-Graduate_4989
4994	Five-Thousand-Miles-Underground--Or-the-Mystery-of-the-Centre-of-the-Earth_4994
4995	True-to-Himself--Or-Roger-Strong-s-Struggle-for-Place_4995
5001	Relativity-the-Special-and-General-Theory_5001
5007	The-Poisoned-Pen_5007
5013	State-of-the-Union-Addresses_5013
5019	State-of-the-Union-Addresses_5019
5025	State-of-the-Union-Addresses_5025
5031	State-of-the-Union-Addresses_5031
5037	State-of-the-Union-Addresses_5037
5043	State-of-the-Union-Addresses_5043
5049	State-of-the-Union-Addresses_5049
5055	Plays---First-Series_5055
5061	The-Children-s-Book-of-Christmas-Stories_5061
5067	The-Rainbow-Trail_5067
5073	The-War-Terror_5073
5079	Ziska--The-Problem-of-a-Wicked-Soul_5079
5085	Characters-of-Shakespeare-s-Plays_5085
5091	The-Tempting-of-Tavernake_5091
5103	A-Zola-Dictionary--the-Characters-of-the-Rougon-Macquart-Novels-of-Emile-Zola-_5103
5109	Ragnarok-the-Age-of-Fire-and-Gravel_5109
5115	The-George-Sand-Gustave-Flaubert-Letters_5115
5121	Dark-Hollow_5121
5127	Shakespeare-Bacon-and-the-Great-Unknown_5127
5133	Quotations-from-John-L-Motley-Works_5133
5145	The-Heart-of-the-Hills_5145
5151	The-Exploits-of-Elaine_5151
5197	My-Life---Volume-1_5197
5203	The-Village-and-The-Newspaper_5203
5208	The-Parish-Register_5208
5218	The-Satyricon---Volume-01--Introduction_5218
5223	The-Satyricon---Volume-06--Editor-s-Notes_5223
5228	Ayesha-the-Return-of-She_5228
5233	The-Iron-Trail_5233
5238	The-Confessions-of-Harry-Lorrequer---Volume-5_5238
5243	Tales-from-the-Arabic-Volume-02_5243
5248	The--Dock-Rats--of-New-York--Or-The-Smuggler-Band-s-Last-Stand_5248
5253	The-Maid-of-the-Whispering-Hills_5253
5263	The-Girl-Scout-Pioneers-Or-Winning-the-First-B-C_5263
5268	Courts-and-Criminals_5268
5273	Darwiniana-Essays-and-Reviews-Pertaining-to-Darwinism_5273
5278	Tales-and-Novels-of-J-de-La-Fontaine-Volume-04_5278
5283	Tales-and-Novels-of-J-de-La-Fontaine-Volume-09_5283
5288	Tales-and-Novels-of-J-de-La-Fontaine-Volume-14_5288
5293	Tales-and-Novels-of-J-de-La-Fontaine-Volume-19_5293
5298	Tales-and-Novels-of-J-de-La-Fontaine-Volume-24_5298
5303	The-Little-Hunchback-Zia_5303
5308	The-Paradise-Mystery_5308
5313	The-Herd-Boy-and-His-Hermit_5313
5328	Writing-for-Vaudeville_5328
5333	Every-Man-in-His-Humor_5333
5418	The-Home-Acre_5418
5424	Icelandic-Primer-with-Grammar-Notes-and-Glossary_5424
5430	Preface-to-a-Dictionary-of-the-English-Language_5430
5436	Hyperion_5436
5442	Uarda-a-Romance-of-Ancient-Egypt-Volume-04_5442
5448	Uarda-a-Romance-of-Ancient-Egypt-Volume-10_5448
5454	An-Egyptian-Princess-Volume-05_5454
5460	An-Egyptian-Princess---Complete_5460
5466	The-Sisters---Complete_5466
5472	Joshua---Complete_5472
5478	Cleopatra-Volume-06_5478
5484	The-Emperor-Volume-02_5484
5490	The-Emperor-Volume-08_5490
5496	Homo-Sum-Volume-03_5496
5502	Serapis-Volume-02_5502
5508	Arachne-Volume-01_5508
5514	Arachne-Volume-07_5514
5518	The-Bride-of-the-Nile-Volume-02_5518
5520	The-Bride-of-the-Nile-Volume-04_5520
5526	The-Bride-of-the-Nile-Volume-10_5526
5532	A-Thorny-Path-Volume-03_5532
5533	A-Thorny-Path-Volume-04_5533
5538	A-Thorny-Path-Volume-09_5538
5543	In-the-Fire-of-the-Forge-A-Romance-of-Old-Nuremberg-Volume-01_5543
5544	In-the-Fire-of-the-Forge-A-Romance-of-Old-Nuremberg-Volume-02_5544
5548	In-the-Fire-of-the-Forge-A-Romance-of-Old-Nuremberg-Volume-06_5548
5550	In-the-Fire-of-the-Forge-A-Romance-of-Old-Nuremberg-Volume-08_5550
5553	Margery-Gred-A-Tale-Of-Old-Nuremberg-Volume-02_5553
5556	Margery-Gred-A-Tale-Of-Old-Nuremberg-Volume-05_5556
5558	Margery-Gred-A-Tale-Of-Old-Nuremberg-Volume-07_5558
5562	Barbara-Blomberg-Volume-02_5562
5563	Barbara-Blomberg-Volume-03_5563
5568	Barbara-Blomberg-Volume-08_5568
5573	A-Word-Only-a-Word-Volume-02_5573
5574	A-Word-Only-a-Word-Volume-03_5574
5578	The-Burgomaster-s-Wife-Volume-01_5578
5580	The-Burgomaster-s-Wife-Volume-03_5580
5583	The-Burgomaster-s-Wife---Complete_5583
5586	In-the-Blue-Pike-Volume-03_5586
5588	A-Question_5588
5592	The-Complete-Short-Works-of-Georg-Ebers_5592
5593	The-Story-of-My-Life-Volume-01_5593
5598	The-Story-of-My-Life-Volume-06_5598
5603	Seven-Icelandic-Short-Stories_5603
5604	Getting-Married_5604
5608	Trial-of-the-Witnesses-of-the-Resurrection-of-Jesus_5608
5610	The-Cardinal-s-Snuff-Box_5610
5614	Chess-Strategy_5614
5617	The-Bobbsey-Twins-in-Washington_5617
5619	Essays-on-Mankind-and-Political-Arithmetic_5619
5624	The-Inhumanity-of-Socialism_5624
5630	The-Story-of-Mormonism-and-The-Philosophy-of-Mormonism_5630
5637	Literary-and-Philosophical-Essays-French-German-and-Italian_5637
5642	Harry-Heathcote-of-Gangoil--A-Tale-of-Australian-Bush-Life_5642
5647	Sketches-by-Seymour---Volume-03_5647
5652	Thoughts-out-of-Season-Part-I_5652
5657	The-Practice-of-the-Presence-of-God_5657
5662	The-Potato-Child--amp--Others_5662
5667	The-Arabian-Nights-Entertainments-Volume-04_5667
5672	The-Voice-on-the-Wire_5672
5677	Jimmie-Higgins_5677
5883	The-Flying-Saucers-are-Real_5883
5888	Crime-and-Corruption_5888
5891	Travels-in-West-Africa-Congo-Francais-Corisco-and-Cameroons_5891
5894	The-Extra-Day_5894
5896	Her-Weight-in-Gold_5896
5900	Umboo-the-Elephant_5900
5901	Dyke-Darrel-the-Railroad-Detective--Or-The-Crime-of-the-Midnight-Express_5901
5906	The-History-of-Don-Quixote-Volume-1-Part-04_5906
5911	The-History-of-Don-Quixote-Volume-1-Part-09_5911
5912	The-History-of-Don-Quixote-Volume-1-Part-10_5912
5916	The-History-of-Don-Quixote-Volume-1-Part-14_5916
5918	The-History-of-Don-Quixote-Volume-1-Part-16_5918
5921	The-History-of-Don-Quixote-Volume-1-Complete_5921
5924	The-History-of-Don-Quixote-Volume-2-Part-21_5924
5926	The-History-of-Don-Quixote-Volume-2-Part-23_5926
5930	The-History-of-Don-Quixote-Volume-2-Part-27_5930
5931	The-History-of-Don-Quixote-Volume-2-Part-28_5931
5936	The-History-of-Don-Quixote-Volume-2-Part-33_5936
5941	The-History-of-Don-Quixote-Volume-2-Part-38_5941
5942	The-History-of-Don-Quixote-Volume-2-Part-39_5942
5946	The-History-of-Don-Quixote-Volume-2-Complete_5946
5948	The-Bobbsey-Twins-on-a-Houseboat_5948
5951	Reno-a-Book-of-Short-Stories-and-Information_5951
5954	Religious-Reality-A-Book-for-Men_5954
5956	Gallegher-and-Other-Stories_5956
5960	Little-Sister-Snow_5960
5961	Samuel-the-Seeker_5961
5966	What-s-Mine-s-Mine---Volume-1_5966
5971	Jane-Cable_5971
5972	A-Fascinating-Traitor--An-Anglo-Indian-Story_5972
5976	Thomas-Wingfold-Curate_5976
5978	An-Autobiography-of-Anthony-Trollope_5978
5981	The-Boy-Scouts-in-Front-of-Warsaw--Or-In-the-Wake-of-War_5981
5984	The-British-North-America-Act-1867_5984
5986	Clara-Hopgood_5986
5990	Rosamond-or-the-Youthful-Error-A-Tale-of-Riverside-And-Other-Stories_5990
5991	The-Solitary-Summer_5991
5996	Essays-on-Russian-Novelists_5996
6001	Polly-of-Pebbly-Pit_6001
6002	Little-Miss-By-The-Day_6002
6006	Under-the-Storm_6006
6007	The-Two-Sides-of-the-Shield_6007
6008	The-Midnight-Passenger---A-Novel_6008
6011	The-Little-Lady-of-Lagunitas--A-Franco-Californian-Romance_6011
6014	West-Wind-Drift_6014
6016	Roast-Beef-Medium--The-Business-Adventures-of-Emma-McChesney_6016
6020	Cappy-Ricks-Retires--But-That-Doesn-t-Keep-Him-from-Coming-Back-Stronger-Than-Ever_6020
6021	A-Prisoner-in-Fairyland-The-Book-That-Uncle-Paul-Wrote_6021
6026	The-Great-Fortress-A-chronicle-of-Louisbourg-1720-1760_6026
6032	Memoirs-or-Chronicle-of-the-Fourth-Crusade-and-the-Conquest-of-Constantinople_6032
6038	The-Great-Doctrines-of-the-Bible_6038
6044	Quill-s-Window_6044
6050	The-Roots-of-the-Mountains-Wherein-Is-Told-Somewhat-of-the-Lives-of-the-Men-of-Burgdale-Their-__6050
6056	The-Desired-Woman_6056
6062	Pike-County-Ballads-and-Other-Poems_6062
6068	The-Pony-Rider-Boys-in-Montana--Or-The-Mystery-of-the-Old-Custer-Trail_6068
6074	Lady-Clare_6074
6080	School-History-of-North-Carolina-from-1584-to-the-present-time_6080
6087	The-Vampyre--a-Tale_6087
6233	The-Battle-of-the-Strong-A-Romance-of-Two-Kingdoms-Volume-4_6233
6238	The-Lane-That-Had-No-Turning-Volume-2_6238
6243	The-Right-of-Way-Volume-01_6243
6248	The-Right-of-Way-Volume-06_6248
6253	Michel-and-Angele--A-Ladder-of-Swords----Complete_6253
6258	Donovan-Pasha-and-Some-People-of-Egypt-Volume-3_6258
6263	The-Weavers-a-tale-of-England-and-Egypt-of-fifty-years-ago-Volume-2_6263
6268	Embers-Volume-1_6268
6273	A-Lover-s-Diary-Volume-2_6273
6278	The-Money-Master-Volume-4_6278
6283	The-World-for-Sale-Volume-3_6283
6288	You-Never-Know-Your-Luck--being-the-story-of-a-matrimonial-deserter.-Complete_6288
6293	No-Defense-Volume-2_6293
6298	Carnac-s-Folly-Volume-3_6298
6303	The-Duel-Between-France-and-Germany_6303
6308	Hypatia---or-New-Foes-with-an-Old-Face_6308
6313	Masterpieces-of-American-Wit-and-Humor_6313
6323	The-Junior-Classics-Volume-4-Heroes-and-heroines-of-chivalry_6323
6328	The-Junior-Classics-Volume-5-Stories-that-never-grow-old_6328
6333	Public-Speaking-Principles-and-Practice_6333
6338	Boy-Scouts-in-the-Coal-Caverns-Or-The-Light-in-Tunnel-Six_6338
6350	Via-Crucis-A-Romance-of-the-Second-Crusade_6350
6354	Italian-Hours_6354
6355	Locusts-and-Wild-Honey_6355
6360	Half-a-Dozen-Girls_6360
6365	Richard-Dare-s-Venture--Or-Striking-Out-for-Himself_6365
6366	The-Principles-of-Aesthetics_6366
6370	The-Story-of-the-Odyssey_6370
6372	The-Wonder-Working-Magician_6372
6375	Quaint-Gleanings-from-Ancient-Poetry--13-A-Collection-of-Curious-Poetical-Compositions-of-the-__6375
6378	Victory--An-Island-Tale_6378
6384	That-Printer-of-Udell-s--A-Story-of-the-Middle-West_6384
6390	The-Lives-of-the-Twelve-Caesars-Volume-05--Claudius_6390
6396	The-Lives-of-the-Twelve-Caesars-Volume-11--Titus_6396
6402	The-Romance-of-Isabel-Lady-Burton-The-Story-of-Her-Life-Volume-II_6402
6408	Letters-of-Anton-Chekhov-to-His-Family-and-Friends_6408
6414	Lectures-and-Essays_6414
6422	The-Life-Adventures--amp--Piracies-of-the-Famous-Captain-Singleton_6422
6428	The-Surgeon-s-Daughter_6428
6434	A-Brief-History-of-the-United-States_6434
6440	Elsie-Dinsmore_6440
6446	Greifenstein_6446
6452	Right-Royal_6452
6458	Air-Service-Boys-in-the-Big-Battle--Or-Silencing-the-Big-Guns_6458
6464	Shop-Management_6464
6476	Himalayan-Journals-Volume-1-Or-Notes-of-a-Naturalist-in-Bengal-the-Sikkim-and-Nepal-Himalayas-__6476
6482	The-Coverley-Papers-From-The-Spectator-_6482
6488	Going-Some_6488
6494	Mr-World-and-Miss-Church-Member-A-Twentieth-Century-Allegory_6494
6500	The-Log-Cabin-Lady---An-Anonymous-Autobiography_6500
6506	Old-Mission-Stories-of-California_6506
6512	The-suppressed-Gospels-and-Epistles-of-the-original-New-Testament-of-Jesus-the-Christ-Volume-6__6512
6523	The-Post-Office_6523
6524	Stray-Birds_6524
6530	The-Gospel-of-Mark-for-Readers_6530
6561	Our-Friend-John-Burroughs_6561
6567	The-Adventure-of-Living-a-Subjective-Autobiography_6567
6573	The-Boy-Ranchers-on-the-Trail--Or-The-Diamond-X-After-Cattle-Rustlers_6573
6579	Men-Women-and-God-A-Discussion-of-Sex-Questions-from-the-Christian-Point-of-View_6579
6585	Works-of-Lucian-of-Samosata-Volume-02_6585
6607	Myths-and-Legends-of-Our-Own-Land---Volume-02---the-Isle-of-Manhattoes-and-nearby_6607
6612	Myths-and-Legends-of-Our-Own-Land---Volume-07---Along-the-Rocky-Range_6612
6617	Poems-of-Sentiment_6617
6623	The-Coming-of-the-Princess-and-Other-Poems_6623
6628	The-Life-Crime-and-Capture-of-John-Wilkes-Booth_6628
6633	A-Popular-History-of-Ireland-from-the-Earliest-Period-to-the-Emancipation-of-the-Catholics-Vol__6633
6653	Voyages-of-Samuel-De-Champlain-Volume-01_6653
6658	Owindia---a-true-tale-of-the-MacKenzie-River-Indians-North-West-America_6658
6663	Country-Life-in-Canada-Fifty-Years-Ago-Personal-recollections-and-reminiscences-of-a-sexagenar__6663
6668	Annette-the-Metis-Spy-A-Heroine-of-the-NW-Rebellion_6668
6673	Young-Knights-of-the-Empire---Their-Code-and-Further-Scout-Yarns_6673
6678	Nonsenseorship_6678
6683	The-Little-Nugget_6683
6688	The-Mill-on-the-Floss_6688
6693	People-of-Africa_6693
6703	Favorite-Dishes-a-Columbian-Autograph-Souvenir-Cookery-Book_6703
6708	China_6708
6713	God-s-Answers-A-Record-of-Miss-Annie-Macpherson-s-Work-at-the-Home-of-Industry-Spitalfields-Lo__6713
6718	Cap-n-Dan-s-Daughter_6718
6733	Memoir-of-Father-Vincent-de-Paul-religious-of-La-Trappe_6733
6738	The-Four-Canadian-Highwaymen-Or-The-Robbers-of-Markham-Swamp_6738
6743	Colonel-Carter-of-Cartersville_6743
6753	Psmith-in-the-City_6753
6856	The-Great-Riots-of-New-York-1712-to-1873_6856
6862	The-Belted-Seas_6862
6868	Why-and-How-a-hand-book-for-the-use-of-the-WCT-unions-in-Canada_6868
6881	Note-Book-of-an-English-Opium-Eater_6881
6893	In-the-Quarter_6893
6899	The-Children-s-Pilgrimage_6899
6905	The-Boy-Aviators-in-Africa-Or-an-Aerial-Ivory-Trail_6905
6911	The-Majesty-of-Calmness-individual-problems-and-posibilities_6911
6917	The-Gerrard-Street-Mystery-and-Other-Weird-Tales_6917
6923	The-Miser_6923
6929	Poemata-Latin-Greek-and-Italian-Poems-by-John-Milton_6929
6935	The-Radio-Amateur-s-Hand-Book-A-Complete-Authentic-and-Informative-Work-on-Wireless-Telegraphy__6935
6942	The-Heart-of-Mid-Lothian-Volume-1_6942
6948	The-Secrets-of-the-German-War-Office_6948
6955	The-Prince-and-Betty_6955
6961	Military-Reminiscences-of-the-Civil-War-Volume-1--April-1861-November-1863_6961
6967	The-History-of-the-Reign-of-Ferdinand-and-Isabella-the-Catholic-Volume-2_6967
6971	Judaism_6971
6973	The-Boy-Aviators-Polar-Dash-or-Facing-Death-in-the-Antarctic_6973
6976	Metlakahtla-and-the-North-Pacific-Mission-of-the-Church-Missionary-Society_6976
6979	The-Little-Regiment-and-Other-Episodes-of-the-American-Civil-War_6979
6981	The-Open-Air_6981
6985	A-Prefect-s-Uncle_6985
6986	Hygienic-Physiology-with-Special-Reference-to-the-Use-of-Alcoholic-Drinks-and-Narcotics_6986
6991	Across-the-Years_6991
6997	The-Winning-of-Barbara-Worth_6997
7001	History-of-the-Philippine-Islands_7001
7003	The-Antiquary---Volume-01_7003
7006	Bonnie-Prince-Charlie---a-Tale-of-Fontenoy-and-Culloden_7006
7009	Monsieur-De-Pourceaugnac_7009
7011	The-Flood_7011
7015	Buddhist-Psalms-translated-from-the-Japanese-of-Shinran-Shonin_7015
7016	Adventures-in-the-Land-of-Canaan_7016
7021	Indian-Frontier-Policy-an-historical-sketch_7021
7026	Children-s-Edition-of-Touching-Incidents-and-Remarkable-Answers-to-Prayer_7026
7027	A-Hive-of-Busy-Bees_7027
7031	The-Sheik-A-Novel_7031
7033	Picturesque-Quebec-a-sequel-to-Quebec-past-and-present_7033
7036	The-Poorhouse-Waif-and-His-Divine-Teacher-A-True-Story_7036
7039	The-Angel-Adjutant-of--Twice-Born-Men-_7039
7045	Marching-Men_7045
7046	Annals-and-Reminiscences-of-Jamaica-Plain_7046
7051	The-Good-News-of-God_7051
7057	David-Poindexter-s-Disappearance-and-Other-Tales_7057
7058	Mankind-in-the-Making_7058
7062	A-Daughter-of-Fife_7062
7064	A-Half-Century-of-Conflict-Volume-II_7064
7067	The-Magnificent-Lovers--Les-Amants-magnifiques-_7067
7072	Tramping-Through-Mexico-Guatemala-and-Honduras-Being-the-Random-Notes-of-an-Incurable-Vagabond_7072
7077	We-Can-t-Have-Everything--A-Novel_7077
7082	Lives-of-the-Necromancers_7082
7087	Gaut-Gurley-Or-the-Trappers-of-Umbagog-A-Tale-of-Border-Life_7087
7095	Malayan-Literature-Comprising-Romantic-Tales-Epic-Poetry-and-Royal-Chronicles_7095
7100	Adventures-of-Huckleberry-Finn-Chapters-01-to-05_7100
7105	Adventures-of-Huckleberry-Finn-Chapters-26-to-30_7105
7110	Rose-and-Roof-Tree---Poems_7110
7116	Vestiges-of-the-Natural-History-of-Creation_7116
7868	A-Child-s-Story-Garden_7868
7978	Legends-Traditions-and-Laws-of-the-Iroquois-or-Six-Nations-and-History-of-the-Tuscarora-Indian__7978
8053	The-Bible-King-James-version-Book-53-2-Thessalonians_8053
8525	Eve-s-Diary-Complete_8525
9225	Monsieur-du-Miroir--From--Mosses-from-an-Old-Manse--_9225
9442	Helbeck-of-Bannisdale---Volume-II_9442
9791	Harrigan_9791
9844	W.-A.-G.-s-Tale_9844
10340	Dab-KinzerA-Story-of-a-Growing-Boy_10340
10940	Manners-Customs-and-Dress-During-the-Middle-Ages-and-During-the-Renaissance-Period_10940
11080	The-Orations-of-Marcus-Tullius-Cicero-Volume-4_11080
11418	The-Grafters_11418
11772	Narrative-of-a-Voyage-to-Senegal-in-1816--13-Undertaken-by-Order-of-the-French-Government-Com__11772
12867	The-Banquet--Il-Convito-_12867
13227	The-Lord-of-Dynevor--13-A-Tale-of-the-Times-of-Edward-the-First_13227
13939	Scientific-American-Supplement-No.-484-April-11-1885_13939
14055	Food-Guide-for-War-Service-at-Home--13-Prepared-under-the-direction-of-the-United-States-Food__14055
14640	McGuffey-s-First-Eclectic-Reader-Revised-Edition_14640
14759	Camping-For-Boys_14759
15234	The-Tale-of-the-Pie-and-the-Patty-Pan_15234
15819	The-Atlantic-Monthly-Volume-13-No.-76-February-1864--13-A-Magazine-of-Literature-Art-and-Poli__15819
16422	The-Home-in-the-Valley_16422
16431	Richard-WagnerComposer-of-Operas_16431
17016	Division-of-Words--13-Rules-for-the-Division-of-Words-at-the-Ends-of-Lines-with-Remarks-on-Sp__17016
17265	Companion-to-the-Bible_17265
17289	The-Dance--by-An-Antiquary-Historic-Illustrations-of-Dancing-from-3300-B.C.-to-1911-A.D._17289
18150	The-Hidden-Places_18150
18261	Operation-R.S.V.P._18261
18712	Levels-of-LivingEssays-on-Everyday-Ideals_18712
18891	Dot-and-the-Kangaroo_18891
19041	Blister-Jones_19041
19534	RussiaAs-Seen-and-Described-by-Famous-Writers_19534
20261	The-Adventures-of-Harry-Revel_20261
20695	The-Spirit-of-Sweetwater_20695
21112	The-Causes-of-the-Corruption-of-the-Traditional-Text-of-the-Holy-GospelsBeing-the-Sequel-to-T__21112
21302	Charge--A-Story-of-Briton-and-Boer_21302
21714	The-Red-Eric_21714
21969	The-Outcry_21969
22107	Wood-Carving--Design-and-Workmanship_22107
22245	Steve-and-the-Steam-Engine_22245
22404	The-Story-of-the-White-Rock-Cove_22404
22797	Diderot-and-the-Encyclop-distsVolume-II._22797
22944	The-History-of-Little-Peter-the-Ship-Boy_22944
23129	The-Young-Voyageurs--Boy-Hunters-in-the-North_23129
23130	Black-White-and-GrayA-Story-of-Three-Homes_23130
23394	Look--We-Have-Come-Through-_23394
23781	A-Little-Girl-of-Long-Ago--Or-Hannah-Ann--13-A-Sequel-to-a-Little-Girl-in-Old-New-York_23781
23923	How-Doth-the-Simple-Spelling-Bee_23923
23959	Fair-Italy-the-Riviera-and-Monte-Carlowith-a-Short-Account-of-Malta_23959
24526	The-Idea-of-a-University-Defined-and-Illustrated--13-In-Nine-Discourses-Delivered-to-the-Cath__24526
24622	The-Pianolist--A-Guide-for-Pianola-Players_24622
25078	No-Moving-Parts_25078
25626	The-Girl-Scouts-at-Bellaire--Or-Maid-Mary-s-Awakening_25626
25638	The-Hidden-Power-and-Other-Papers-upon-Mental-Science_25638
26198	South-Africa-and-the-Transvaal-War-Vol.-2--of-6---13-From-the-Commencement-of-the-War-to-the-__26198
26367	The-Young-Alaskans-on-the-Missouri_26367
26858	Crossing-the-Plains-Days-of-57--13-A-Narrative-of-Early-Emigrant-Travel-to-California-by-the-__26858
27077	Dangers-of-the-Trail-in-1865A-Narrative-of-Actual-Events_27077
27660	A-Book-Without-A-Title_27660
27770	The-Battaile-of-Agincourt_27770
27969	The-County-RegimentInfantry-in-the-Civil-War_27969
28326	Aladdin-of-London--Or-Lodestar_28326
28472	Patrician-and-PlebeianOr-The-Origin-and-Development-of-the-Social-Classes-of-the-Old-Dominion_28472
28805	Dorothy-s-House-Party_28805
29234	Presentation-Pieces-in-the-Museum-of-History-and-TechnologyContributions-from-the-Museum-of-H__29234
29303	Operation-Earthworm_29303
29963	Goodbye-Dead-Man-_29963
30228	Officer-666_30228
30259	The-Man-Who-Played-to-Lose_30259
30690	The-Casual-Wardacademic-and-other-oddments_30690
31173	Anxious-Audrey_31173
31431	Old-Time-Stories_31431
31981	The-Eel_31981
32031	A-Raw-Recruit-s-War-Experiences_32031
32039	The-Third-Day-at-Stone-s-River_32039
32146	Fugitive-Poetry_32146
32583	Tape-Jockey_32583
32636	The-Salesman_32636
32639	The-Medici-Boots_32639
32903	The-Victor_32903
33133	Klytia--A-Story-of-Heidelberg-Castle_33133
33255	Within-Prison-Walls--13-being-a-narrative-during-a-week-of-voluntary-confinement-in-the-state__33255
33879	The-Romance-of-the-Canoness--A-Life-History_33879
34503	The-Green-BookFreedom-Under-the-Snow_34503
34567	Paradise-Bend_34567
34973	The-Spy-of-the-RebellionArmy-during-the-Late-Rebellion-_34973
35154	A-Hero-of-the-Pen_35154
35665	Punch-or-the-London-Charivari-Volume-105-July-8th-1893_35665
35672	-Gloria-Victis--A-Romance_35672
36051	Colors-of-LifePoems-and-Songs-and-Sonnets_36051
36069	Explorers-and-Travellers_36069
36320	The-Motor-Maids-by-Palm-and-Pine_36320
36463	Glacier-National-Park--Montana-_36463
36865	Responsibilitiesand-other-poems_36865
36961	The-Girl-From-His-Town_36961
36970	The-Confessions-of-a-Poacher_36970
37091	A-Song-of-the-English_37091
37261	The-Bigamist_37261
37622	Iermola_37622
37625	Our-Old-Home-Vol.-2Annotated-with-Passages-from-the-Author-s-Notebook_37625
37677	The-Story-of-a-Life_37677
38008	Mated-from-the-MorgueA-tale-of-the-Second-Empire_38008
38091	The-Letters-of-William-James-Vol.-II_38091
38236	Shireen-and-her-FriendsPages-from-the-Life-of-a-Persian-Cat_38236
38273	Is-the-Bible-Indictable-of-the-Lord-Chief-Justice-as-to-Obscene-Literature_38273
38512	Lola-MontezAn-Adventuress-of-the-Forties_38512
38690	What-Shall-We-Do-_38690
38932	SteelThe-Diary-of-a-Furnace-Worker_38932
38933	By-Canadian-Streams_38933
39236	In-the-SaddleA-Collection-of-Poems-on-Horseback-Riding_39236
39358	A-Winter-NosegayBeing-Tales-for-Children-at-Christmastide_39358
39603	The-Public-Life-of-Queen-Victoria_39603
39782	Brownies-and-Bogles_39782
40293	Vie-de-Boh-meA-Patch-of-Romantic-Paris_40293
40349	The-Chase-of-the-Ruby_40349
40460	Hurlbut-s-Life-of-Christ-For-Young-and-Oldon-the-Gospel-Narrative_40460
40980	The-Life-of-DavidOr-The-History-of-The-Man-After-God-s-Own-Heart_40980
40983	Thoughts-on-the-Christian-Religion-by-a-Deist_40983
41674	CorotMasterpieces-in-Colour-Series_41674
41855	The-MarneA-Tale-of-the-War_41855
41924	Renaissance-in-Italy-Volume-2--of-7-The-Revival-of-Learning_41924
42179	Constitutional-History-of-England-Henry-VII-to-George-II.-Volume-2-of-3_42179
42299	The-History-of-Johnny-Qu--Genusthe-Author-of-the-Three-Tours._42299
42375	Chincha-Plain-weave-cloths_42375
42606	Mimicry-in-Butterflies_42606
42719	A-Treatise-on-Wood-EngravingHistorical-and-Practical_42719
42767	Home-Life-on-an-Ostrich-Farm_42767
43086	My-Own-Affairs_43086
43109	The-Third-Miss-St-Quentin_43109
43192	AfterwardsAnd-Other-Stories_43192
43201	Multiplied-BlessingsEighteen-Short-Readings_43201
43496	Sphinx-VespiformisAn-Essay_43496
43651	Irish-Witchcraft-and-Demonology_43651
43776	The-Expeditions-of-Zebulon-Montgomery-Pike-Volume-III--of-3-Territory-and-in-New-Spain-During__43776
43826	The-Story-of-the-HillsA-Book-About-Mountains-for-General-Readers._43826
44113	The-Strand-Magazine-Volume-XXVII-January-1904-No.-157_44113
44171	The-Postal-System-of-the-United-States-and-the-New-York-General-Post-Office_44171
44362	The-Adventures-of-Harry-RochesterA-Tale-of-the-Days-of-Marlborough-and-Eugene_44362
44399	StoneheartA-Romance_44399
44476	Satan-s-Invisible-World-Displayed-or-Despairing-DemocracyA-Study-of-Greater-New-York_44476
44516	Report-on-the-Plans-of-the-Various-Railways-before-the-Examiners-of-the-House-of-Commons-1864__44516
44581	The-Stoneground-Ghost-TalesBatchel-the-vicar-of-the-parish._44581
44866	-Gombo-Zh-bes-Little-Dictionary-of-Creole-Proverbs_44866
44947	Allied-CookeryBritish-French-Italian-Belgian-Russian_44947
45049	My-First-Mission_45049
45535	Mesa-Verde-National-Park_45535
45541	The-Art-of-Inventing_45541
45571	The-convolvulusa-comedy-in-three-acts_45571
45782	The-Little-Brown-Jug-at-Kildare_45782
45896	The-World-of-Homer_45896
46121	Henry-Ford-s-Own-StoryMillions-Yet-Never-Lost-Touch-with-Humanity_46121
46144	Six-Cups-of-CoffeePrepared-for-Public-Palate-by-the-Best-Authorities-on-Coffee-Making_46144
46616	The-Fantasy-Fan-February-1934-The-Fans-Own-Magazine_46616
46858	Poems-Volume-I-of-3_46858
47242	The-Works-of-Lucian-of-Samosata-v-4_47242
47281	The-Popular-Science-Monthly-September-1900-Vol-57-May-1900-to-October-1900_47281
47386	Yorkshire-Oddities-Incidents-and-Strange-Events_47386
47651	The-Poetical-Works-of-William-Wordsworth-Vol-VI-of-8_47651
47882	Birds-and-Nature-Vol-12-No-2-July-1902-Illustrated-by-Color-Photography_47882
48007	Rustic-Chivalry-Cavalleria-Rusticana-Melodrama-in-One-Act_48007
48021	Aurora-Floyd-Vol-II-of-3-Fifth-Edition_48021
48076	Memoirs-of-the-Duchesse-De-Dino-1841-1850_48076
48391	Chats-on-Royal-Copenhagen-Porcelain_48391
48637	Pioneer-Life-in-Illinois_48637
48771	Roman-Legends-A-collection-of-the-fables-and-folk-lore-of-Rome_48771
48806	Fanny-Burney-Madame-D-Arblay_48806
48863	The-Motor-Boat-Club-off-Long-Island-or-A-Daring-Marine-Game-at-Racing-Speed_48863
49067	Historic-Towns-of-New-England_49067
49146	The-Shakespeare-Story-Book_49146
49276	A-History-of-Matrimonial-Institutions-Volume-3-of-3_49276
49327	Labors-in-the-Vineyard-Twelfth-Book-of-the-Faith-Promoting-Series_49327
49349	Catlin-s-Historic-Origin-of-the-Playing-Cards-Their-original-design-and-subsequent-use_49349
49531	A-Man-Obsessed_49531
49546	A-Diplomat-s-Memoir-of-1870-being-the-account-of-a-balloon-escape-from-the-siege-of-Paris-and__49546
49591	In-African-Forest-and-Jungle_49591
49851	Preston-Fight-or-The-Insurrection-of-1715_49851
49897	The-Gravity-Business_49897
49921	The-Mentor-Famous-Composers-Vol-1-Num-41-Serial-No-41_49921
50056	The-Dance-Its-Place-in-Art-and-Life_50056
50119	The-Rocket-The-Story-of-the-Stephensons-Father-and-Son_50119
50311	Mont-Oriol-or-A-Romance-of-Auvergne-A-Novel_50311
50383	The-National-Geographic-Magazine-Vol-I-No-3-July-1889_50383
50659	Vivian-s-Lesson_50659
50716	The-German-Terror-in-Belgium-An-Historical-Record_50716
50935	Star-Bright_50935
51066	The-Japan-Russia-War-An-Illustrated-History-of-the-War-in-the-Far-East_51066
51096	The-Mormons-A-Discourse-Delivered-Before-the-Historical-Society-of-Pennsylvania_51096
51180	Santa-Claus-Gets-His-Wish-A-Christmas-Play-in-One-Act-For-Young-Children_51180
51215	Two-diaries-From-Middle-St-John-s-Berkeley-South-Carolina-February-May-1865-Journals-kept-by-__51215
51239	The-Modern-Athens-A-dissection-and-demonstration-of-men-and-things-in-the-Scotch-Capital_51239
51343	Motor-Matt-s-Reverse-or-Caught-in-a-Losing-Cause_51343
51369	A-Queen-of-Tears-vol-2-of-2-Caroline-Matilda-Queen-of-Denmark-and-Norway-and-Princess-of-Grea__51369
51495	The-Uncensored-Letters-of-a-Canteen-Girl_51495
51708	Tolstoi-for-the-young-Select-tales-from-Tolstoi_51708
51856	The-kiss-and-its-history_51856
52018	-Tilda-Jane-An-Orphan-in-Search-of-a-Home-A-Story-for-Boys-and-Girls_52018
52245	Where-Science-and-Religion-Meet_52245
52420	The-New-Departure-Or-Thoughts-for-Loyal-Churchmen_52420
52712	The-Two-Treaties-or-Hope-for-Jerusalem_52712
52750	Witnesses-to-Truth_52750
53304	The-Gourmet-s-Guide-to-London_53304
53349	Our-Cavalry_53349
53531	Fire-making-Apparatus-in-the-U-S-National-Museum_53531
53601	The-Academic-Gregories_53601
53762	The-Somme-Volume-2-The-Second-Battle-of-the-Somme-1918-Amiens-Montdidier-Compiegne_53762
53902	A-Soldier-of-the-Legion-An-Englishman-s-Adventures-Under-the-French-Flag-in-Algeria-and-Tonqu__53902
53905	Nostalgia_53905
53990	The-Story-of-Paul-Jones-An-Historical-Romance_53990
54462	Animal-Behaviour_54462
54513	Harper-s-Young-People-February-28-1882-An-Illustrated-Weekly_54513
54552	Dutch-and-Flemish-Furniture_54552
54684	House-by-The-Medlar-Tree_54684
54725	A-Butterfly-Chase_54725
54825	Junior-High-School-Literature-Book-1_54825
55137	The-Mystery-Queen_55137
55331	The-Chautauquan-Vol-05-May-1885-No-8_55331
55364	Under-King-Henry-s-Banners-A-story-of-the-days-of-Agincourt_55364
55461	The-Book-of-the-VC-A-record-of-the-deeds-of-heroism-for-which-the-Victoria-Cross-has-been-bes__55461
55582	The-Orloff-Couple-and-Malva_55582
55910	Social-Life-in-Old-Virginia-Before-the-War_55910
56029	E-R-B_56029
56105	The-Dickens-Country_56105
56142	Patsy_56142
56306	Living-the-Radiant-Life-A-Personal-Narrative_56306
56484	The-Future-in-America-A-Search-After-Realities_56484
56504	Proverbs-and-Their-Lessons-Being-the-Subject-of-Lectures-Delivered-to-Young-Men-s-Societies-a__56504
56711	Poems-of-Giosue-Carducci-Translated-with-two-introductory-essays-I-Giosue-Carducci-and-the-He__56711
56717	Members-of-the-Family_56717
56939	Making-Tin-Can-Toys_56939
57428	Peter-Vischer_57428
57551	Confidential-Chats-with-Girls_57551
57849	The-Battle-of-San-Jacinto-and-the-San-Jacinto-Campaign_57849
57854	What-Norman-Saw-in-the-West_57854
58210	The-Canadian-Entomologist-Vol-XII-No-2-February-1880_58210
58314	Slavery-in-History_58314
58361	Armenia-A-year-at-Erzeroom-and-on-the-frontiers-of-Russia-Turkey-and-Persia_58361
58441	Grania-The-Story-of-an-Island-vol-12_58441
58580	John-L-Stoddard-s-Lectures-Volume-1-Norway-Switzerland-Athens-Venice_58580
58783	The-Letters-of-S-Ambrose-Bishop-of-Milan_58783
58802	Community-Property_58802
58844	Index-of-the-Project-Gutenberg-Works-of-James-Whitcomb-Riley_58844
58958	Horse-Training-by-Modern-Methods_58958
59181	Tetherstones_59181
59201	North-of-36_59201
59413	The-Wooing-of-Wistaria_59413
59494	Night-Court_59494
59496	Harper-s-Round-Table-Index_59496
59548	Tappan-s-Burro-and-Other-Stories-Tappan-S-BurroThe-Great-SlaveYaquiTigreThe-Rubber-Hunter_59548
59559	Shock-Troop_59559
59572	Index-of-the-Project-Gutenberg-Works-of-Walter-Richard-Cassels_59572
59639	Harper-s-Young-People-October-3-1882-An-Illustrated-Weekly_59639
59690	Montezuma-Castle-National-Monument-1959_59690
59872	Our-Den_59872
59972	The-Truth-About-Port-Arthur_59972
60107	Five-Minute-Sermons-Volume-I_60107
60144	Under-Six-Flags-The-Story-of-Texas_60144
60175	By-the-Good-Sainte-Anne-A-Story-of-Modern-Quebec_60175
60341	A-History-of-the-Second-Division-Naval-Militia-Connecticut-National-Guard_60341
60584	Aromatics-and-the-Soul-A-Study-of-Smells_60584
60744	The-Footprints-of-Time-And-A-Complete-Analysis-of-our-American-System-of-Government_60744
60805	The-Seven-Sisters-of-Sleep-Popular-History-of-the-Seven-Prevailing-Narcotics-of-the-World_60805
60833	The-Birds-of-Australia-Vol-4-of-7_60833
61167	It-s-Fun-to-Sew-with-a-Sewing-Machine_61167
61365	The-Armies-of-Europe_61365
61651	A-Beginner-s-History-of-Philosophy-Vol-1-Ancient-and-Medi0xe6val-Philosophy_61651
61852	Kittens-and-Cats-A-First-Reader_61852
61984	Sylvia-A-Novel_61984
62135	Chunky-the-Happy-Hippo-His-Many-Adventures_62135
62143	Sabbath-Breaking-on-the-Canal-A-Poem_62143
62250	History-Gazetteer-and-Directory-of-Shropshire-1851_62250
62282	Across-the-Vatna-Jokull-or-Scenes-in-Iceland-Being-a-Description-of-Hitherto-Unkown-Regions_62282
62321	The-Flame-Breathers_62321
62382	Thralls-of-the-Endless-Night_62382
62442	Greycliff-Wings_62442
62515	The-True-History-of-the-Kentish-Lawyer-with-an-account-of-the-extraordinary-marriage-of-his-s__62515
62650	The-Little-Dauphin_62650
62782	USDA-Farmers-Bulletin-No-820-Sweet-Clover-Utilization_62782
62908	Submarine-Warfare-Past-Present-and-Future_62908
62920	Sketches-and-Cartoons_62920
63059	Trains-of-Recollection-Drawn-from-Fifty-Years-of-Railway-Service-in-Scotland-and-Canada-and-t__63059
63199	Stories-Pictures-Tell-Book-6_63199
63340	The-Great-Diamond-Syndicate-Or-The-Hardest-Crew-on-Record_63340
63482	The-Baronial-Halls-and-Ancient-Picturesque-Edifices-of-England-Vol-2-of-2_63482
63528	A-Class-Book-of-Old-Testament-History_63528
63645	The-Last-Monster_63645
63851	-Gamle-Norge-Rambles-and-Scrambles-in-Norway_63851
63876	Milly-At-Love-s-Extremes-A-Romance-of-the-Southland_63876
63925	A-Blockaded-Family-Life-in-Southern-Alabama-during-the-Civil-War_63925
64020	The-Pit-Of-Nympthons_64020
64044	Swordsman-of-Lost-Terra_64044
64082	Morley-Ashton-Volume-3-of-3-A-Story-of-the-Sea_64082
64167	A-sentimental-practical-guide-to-Amesbury-and-Stonehenge_64167
64242	The-Carcellini-Emerald-with-Other-Tales-The-Carcellini-EmeraldAn-Author-s-Reading-and-Its-Con__64242
64315	The-Girl-Scouts-Captain_64315
64437	Leaders-of-the-People-Studies-in-Democratic-History_64437
64638	The-Irish-Guards-in-the-Great-War-Volume-I-of-2-The-First-Battalion_64638
64763	The-Irish-War_64763
64914	Seville-an-historical-and-descriptive-account-of-the-pearl-of-Andalusia_64914
65041	Phrenology-Examined_65041
65068	Terrible-Tractation-and-Other-Poems_65068
65198	Graham-s-Magazine-Vol-XIX-No-5-November-1841_65198
65380	Washington-the-Soldier_65380
65455	Chinese-vs-Negroes-as-American-Citizens-Mr-Scottron-s-Views-on-the-Advantages-of-the-Proposed__65455
65542	The-Romance-of-the-Moon_65542
65656	Roughriders-of-the-Pampas-A-Tale-of-Ranch-Life-in-South-America_65656
65830	Two-Christmas-Stories-Sam-Franklin-s-Savings-Bank-A-Miserable-Christmas-and-a-Happy-New-Year_65830
65871	The-Rejuvenation-of-Miss-Semaphore-A-Farcical-Novel_65871
65994	Modern-book-illustrators-and-their-work_65994
66390	Imre-A-Memorandum_66390
66564	The-Heart-s-Domain_66564
66751	The-Heir_66751
66990	Narrative-of-a-Private-Soldier-in-His-Majesty-s-92d-Regiment-of-Foot_66990
67041	Treatment-of-the-Cholera-in-the-Royal-Hospital-Haslar-during-the-months-of-July-and-August-18__67041
67404	Cavalry-Curt-Or-The-Wizard-Scout-of-the-Army_67404
67484	A-United-States-Midshipman-in-Japan_67484
67497	The-Fool_67497
67671	Metzerott-Shoemaker_67671
67824	A-Statement-of-Facts-Tending-to-Establish-an-Estimate-of-the-True-Value-and-Present-State-of-__67824
67825	Views-and-Opinions_67825
68037	With-The-Movie-Makers_68037
68584	Lost-in-the-backwoods_68584
68677	Timid-Lucy_68677
68870	The-Political-History-of-England-Volume-I-of-12-From-the-Earliest-Times-to-the-Norman-Conques__68870
69002	The-village-labourer-1760-1832-A-study-in-the-government-of-England-before-the-Reform-Bill_69002
69067	The-ruined-cities-of-Mashonaland-Being-a-record-of-excavation-and-exploration-in-1891_69067
69110	The-magic-Christian_69110
69134	Coal-and-the-coal-mines_69134
69136	The-lure-of-Piper-s-Glen_69136
69138	Shackleton-in-the-Antarctic-Being-the-story-of-the-British-Antarctic-expedition-1907-1909_69138
69200	Little-Jack-Rabbit-and-Mr-Wicked-Wolf_69200
69269	Shakespeare-and-His-Love-A-Play-in-Four-Acts-and-an-Epilogue_69269
69338	The-Moon-Maid_69338
69408	The-shoemaker-A-powerful-picture-of-nature-adapted-from-Hal-Reids-famous-drama-of-the-same-na__69408
69478	The-girls-of-Rivercliff-School-Beth-Baldwin-s-resolve_69478
69549	The-painted-room_69549
69675	Allworth-Abbey_69675
69746	The-book-of-friendly-giants_69746
69818	An-essay-towards-a-natural-history-of-serpents_69818
69891	Les-liaisons-dangereuses-volume-1-of-2-or-letters-collected-in-a-private-society-and-publishe__69891
69965	Horrors-of-vaccination-exposed-and-illustrated-b-Petition-to-the-President-to-abolish-compuls__69965
69986	The-highland-bagpipe-b-its-history-literature-and-music-with-some-account-of-the-traditions-s__69986
70039	First-harvests-an-episode-in-the-life-of-Mrs-Levison-Gower-b-A-satire-without-a-moral_70039
70113	Thirty-years-in-Madagascar_70113
70119	Concerning-the-bi-literal-cypher-of-Francis-Bacon-discovered-in-his-works_70119
70189	The-sensitive-plant_70189
70264	Women-as-army-surgeons-b-Being-the-history-of-the-Women-s-Hospital-Corps-in-Paris-Wimereux-an__70264
70341	Moo-cow-tales_70341
70419	History-of-Christian-names_70419
70424	Old-nurse-s-book-of-rhymes-jingles-and-ditties_70424
70444	French-English-b-A-comparison_70444
70497	The-Oxford-Methodists-b-Memoirs-of-the-Rev-Messrs-Clayton-Ingham-Gambold-Hervey-and-Broughton__70497
70578	Short-story-classics-Foreign-Vol-2-Italian-and-Scandinavian_70578
70642	Historical-vignettes-1st-series_70642
70654	Submerged-forests_70654
70721	The-Cairn-b-A-gathering-of-precious-stones-from-many-hands_70721
70769	Old-times-b-A-picture-of-social-life-at-the-end-of-the-eighteenth-century_70769
71099	Maggie-Lee-b-Bad-spelling-Diamonds-The-answered-prayer_71099
71318	Proceedings-of-the-expedition-to-explore-the-northern-coast-of-Africa-from-Tripoly-eastward-b__71318
71779	The-language-of-flowers-b-The-floral-offering-a-token-of-affection-and-esteem-comprising-the-__71779
